d2000,w80,m250,s150,p3
16354,T1
16836,A1
17649,T0
17649,A0
20649,R
21190,T1
21702,A1
22485,T0
22485,A0
25485,R
31614,T1
34114,A1
34898,T0
34898,A0
37898,R
18185,T1
20715,A1
21499,T0
21499,A0
24499,R
19176,T1
21677,A1
22460,T0
22460,A0
25460,R
18125,T1
20625,A1
21439,T0
21439,A0
24439,R
25034,T1
27534,A1
28318,T0
28318,A0
31318,R
28578,T1
31079,A1
31862,T0
31862,A0
34862,R
18336,T1
20836,A1
21649,T0
21649,A0
24649,R
30351,T1
32852,A1
33665,A0
33673,T0
36665,R
26086,T1
28586,A1
29399,T0
29399,A0
32399,R
29270,T1
31770,A1
32554,T0
32554,A0
35554,R
32814,T1
35314,A1
36128,T0
36128,A0
39128,R
26356,T1
28856,A1
29669,T0
29669,A0
32669,R
26356,T1
28857,A1
29670,T0
29670,A0
32670,R
15392,T1
17892,A1
18706,T0
18706,A0
21706,R
29900,T1
32400,A1
32755,B1
32762,B0
32770,B1
33185,T0
33185,A0
33872,B0
36185,R
33359,T1
35860,A1
36507,B1
36516,B0
36523,B1
36674,T0
36674,A0
37418,B0
39674,R
21852,T1
24352,A1
24583,B1
25137,T0
25137,A0
25539,B0
28137,R
27410,T1
29911,A1
30266,B1
30275,B0
30282,B1
30695,T0
30695,A0
31232,B0
33695,R
21011,T1
23511,A1
24051,B1
24059,B0
24066,B1
24295,T0
24295,A0
24973,B0
27295,R
25218,T1
27718,A1
28019,B1
28503,T0
28503,A0
29200,B0
31503,R
28522,T1
31022,A1
31424,B1
31837,T0
31837,A0
32375,B0
34837,R
25367,T1
27867,A1
28392,B1
28682,T0
28682,A0
29267,B0
31682,R
29874,T1
32374,A1
32535,B1
33159,T0
33159,A0
33618,B0
36159,R
26179,T1
28679,A1
28989,B1
29494,T0
29494,A0
29888,B0
32494,R
14581,T1
17081,A1
17379,B1
17896,T0
17896,A0
18405,B0
20896,R
27471,T1
30001,A1
30336,B1
30344,B0
30352,B1
30786,T0
30786,A0
31294,B0
33786,R
25998,T1
28498,A1
28809,B1
29313,T0
29313,A0
29942,B0
32313,R
23445,T1
25945,A1
26758,T0
26758,A0
26877,B1
28091,B0
29758,R
18608,T1
21108,A1
21552,B1
21892,T0
21892,A0
22670,B0
24892,R
19479,T1
21979,A1
22598,B1
22793,T0
22793,A0
23655,B0
25793,R
27170,T1
29671,A1
30223,B1
30485,T0
30485,A0
31086,B0
33485,R
16654,T1
19154,A1
19968,T0
19968,A0
20296,B1
21212,B0
22968,R
13710,T1
16210,A1
16666,B1
16674,B0
16681,B1
17025,T0
17025,A0
17795,B0
20025,R
27410,T1
29911,A1
30117,B1
30726,T0
30726,A0
31180,B0
33726,R
30054,T1
32554,A1
33086,B1
33095,B0
33102,B1
33338,T0
33338,A0
34191,B0
36338,R
31287,T1
33787,A1
33951,B1
34602,T0
34602,A0
35092,B0
37602,R
16054,T1
18554,A1
19321,B1
19330,B0
19337,B1
19368,T0
19368,A0
20377,B0
22368,R
24105,T1
26605,A1
26852,B1
26859,B0
26867,B1
27420,T0
27420,A0
27879,B0
30420,R
30265,T1
32765,A1
32810,B1
33551,T0
33551,A0
34107,B0
36551,R
17405,T1
19905,A1
20218,B1
20225,B0
20233,B1
20720,T0
20720,A0
21248,B0
23720,R
23445,T1
25945,A1
26451,B1
26459,B0
26467,B1
26729,T0
26729,A0
27455,B0
29729,R
19629,T1
22129,A1
22683,B1
22913,T0
22913,A0
23964,B0
25913,R
15212,T1
17713,A1
17941,B1
17948,B0
17956,B1
18497,T0
18497,A0
18955,B0
21497,R
32879,T1
35379,A1
35614,B1
35623,B0
35631,B1
36195,T0
36195,A0
36833,B0
39195,R
d2000,w80,m300,s150,p3
18787,T1
21799,A1
22582,T0
22582,A0
25582,R
30772,T1
33754,A1
34371,B1
34568,T0
34568,A0
35357,B0
37568,R
31467,T1
34449,A1
34905,B1
35264,T0
35264,A0
36043,B0
38264,R
26208,T1
29221,A1
29298,B1
29307,B0
29314,B1
30006,T0
30006,A0
30605,B0
33006,R
19899,T1
22911,A1
23052,B1
23061,B0
23068,B1
23697,T0
23697,A0
24487,B0
26697,R
22092,T1
25104,A1
25179,B1
25186,B0
25194,B1
25889,T0
25889,A0
26699,B0
28889,R
26209,T1
29221,A1
29509,B1
29517,B0
29524,B1
30036,T0
30036,A0
31011,B0
33036,R
14491,T1
17504,A1
17838,B1
17846,B0
17853,B1
18288,A0
18296,T0
18896,B0
21288,R
30776,T1
33788,A1
34193,B1
34202,B0
34210,B1
34572,T0
34572,A0
35198,B0
37572,R
17165,T1
20148,A1
20625,B1
20634,B0
20642,B1
20962,T0
20962,A0
21637,B0
23962,R
15452,T1
18465,A1
18923,B1
18932,B0
18940,B1
19249,T0
19249,A0
19820,B0
22249,R
18457,T1
21439,A1
21764,B1
21771,B0
21779,B1
22254,T0
22254,A0
22859,B0
25254,R
17856,T1
20838,A1
21172,B1
21181,B0
21188,B1
21653,T0
21653,A0
22233,B0
24653,R
24195,T1
27208,A1
27424,B1
27433,B0
27440,B1
27993,T0
27993,A0
28859,B0
30993,R
16954,T1
19937,A1
20230,B1
20239,B0
20246,B1
20751,T0
20751,A0
21289,B0
23751,R
24316,T1
27246,B1
27254,B0
27262,B1
27329,A1
28142,T0
28142,A0
28525,B0
31142,R
13590,T1
16602,A1
17096,B1
17104,B0
17111,B1
17386,T0
17386,A0
18474,B0
20386,R
20981,T1
23994,A1
24391,B1
24400,B0
24407,B1
24778,T0
24778,A0
25461,B0
27778,R
28372,T1
31384,A1
31786,B1
32169,T0
32169,A0
33111,B0
35169,R
29904,T1
32916,A1
33321,B1
33329,B0
33337,B1
33701,A0
33708,T0
34363,B0
36701,R
14881,T1
17863,A1
17973,B1
17980,B0
17988,B1
18679,T0
18679,A0
19088,B0
21679,R
15031,T1
18044,A1
18234,B1
18243,B0
18250,B1
18829,T0
18829,A0
19285,B0
21829,R
16143,T1
19125,A1
19344,B1
19353,B0
19360,B1
19941,T0
19941,A0
20627,B0
22941,R
22873,T1
25885,A1
26110,B1
26117,B0
26124,B1
26700,T0
26700,A0
27310,B0
29700,R
28432,T1
31415,A1
31919,B1
31926,B0
31934,B1
32229,T0
32229,A0
33172,B0
35229,R
23084,T1
26066,A1
26224,B1
26233,B0
26240,B1
26881,T0
26881,A0
27458,B0
29881,R
26179,T1
29161,A1
29450,B1
29458,B0
29466,B1
29976,T0
29976,A0
30793,B0
32976,R
22663,T1
25560,B1
25568,B0
25575,B1
25676,A1
26490,T0
26490,A0
26995,B0
29490,R
25066,T1
28079,A1
28275,B1
28282,B0
28290,B1
28894,T0
28894,A0
29569,B0
31894,R
15512,T1
18525,A1
19045,B1
19052,B0
19059,B1
19309,A0
19316,T0
20222,B0
22309,R
14581,T1
17593,A1
17919,B1
17926,B0
17933,B1
18378,T0
18378,A0
19072,B0
21378,R
d2000,w80,m100,s150,p3
22363,T1
23357,A1
24170,T0
24170,A0
27170,R
17915,T1
18940,A1
19723,T0
19723,A0
22723,R
23743,T1
24767,A1
25550,T0
25550,A0
26159,B1
26168,B0
26176,B1
27324,B0
28550,R
26690,T1
27684,A1
28276,B1
28498,T0
28498,A0
28937,B0
31498,R
26780,T1
27407,B1
27414,B0
27422,B1
27775,A1
28248,B0
28588,A0
28595,T0
31588,R
22814,T1
23330,B1
23338,B0
23345,B1
23808,A1
24465,B0
24621,T0
24621,A0
27621,R
23145,T1
24169,A1
24952,A0
24960,T0
25236,B1
26027,B0
27952,R
31854,B1
31862,B0
31869,B1
32864,B0
33931,T1
34926,A1
35739,T0
35739,A0
38739,R
15212,T1
16206,A1
17019,T0
17019,A0
20019,R
20289,T1
21283,A1
22097,T0
22097,A0
22119,B1
23024,B0
25097,R
23925,T1
24919,A1
25632,B1
25639,B0
25647,B1
25733,T0
25733,A0
26484,B0
28733,R
23174,T1
24169,A1
24742,B1
24751,B0
24759,B1
24953,A0
24960,T0
25510,B0
27953,R
19028,T1
20052,A1
20689,B1
20836,T0
20836,A0
21376,B0
23836,R
24646,T1
25640,A1
26232,B1
26241,B0
26248,B1
26454,T0
26454,A0
26963,B0
29454,R
17406,T1
18400,A1
19213,T0
19213,A0
19388,B1
20209,B0
22213,R
25879,T1
26903,A1
27582,B1
27687,T0
27687,A0
28617,B0
30687,R
16834,T1
17828,A1
18413,B1
18643,T0
18643,A0
19476,B0
21643,R
26106,B1
26113,B0
26121,B1
27020,T1
27140,B0
28044,A1
28828,T0
28828,A0
31828,R
24498,B1
24505,B0
24513,B1
25518,T1
25549,B0
26512,A1
27325,T0
27325,A0
30325,R
30776,T1
31800,A1
32420,B1
32584,T0
32584,A0
33138,B0
35584,R
18487,T1
19511,A1
20295,T0
20295,A0
21012,B1
21019,B0
21027,B1
21761,B0
23295,R
33660,T1
34654,A1
35378,B1
35385,B0
35393,B1
35468,T0
35468,A0
36122,B0
38468,R
18757,T1
19782,A1
20565,T0
20565,A0
21332,B1
21339,B0
21347,B1
22227,B0
23565,R
27831,T1
28825,A1
29598,B1
29639,T0
29639,A0
30536,B0
32639,R
32308,T1
33302,A1
34116,T0
34116,A0
34218,B1
34936,B0
37116,R
21972,T1
22966,A1
23780,T0
23780,A0
24038,B1
24786,B0
26780,R
26389,T1
27413,A1
28196,T0
28196,A0
28263,B1
28270,B0
28278,B1
29178,B0
31196,R
33360,T1
34354,A1
35003,B1
35168,T0
35168,A0
35734,B0
38168,R
26089,T1
27083,A1
27896,T0
27896,A0
27999,B1
28947,B0
30896,R
16895,T1
17889,A1
18703,T0
18703,A0
18853,B1
18862,B0
18870,B1
19636,B0
21703,R
17045,T1
18069,A1
18852,T0
18852,A0
18931,B1
19945,B0
21852,R
16565,T1
17559,A1
18323,B1
18332,B0
18339,B1
18339,T0
18339,A0
19396,B0
21339,R
22216,T1
23241,A1
23965,B1
24024,A0
24032,T0
24828,B0
27024,R
d2000,w80,m150,s150,p3
25066,T1
26572,A1
27355,T0
27355,A0
30355,R
15903,T1
17409,A1
18193,T0
18193,A0
21193,R
26897,T1
28403,A1
28963,B1
29217,T0
29217,A0
29925,B0
32217,R
14822,T1
16328,A1
17111,T0
17111,A0
17337,B1
17344,B0
17352,B1
18174,B0
20111,R
18307,T1
19783,A1
20082,B1
20598,T0
20598,A0
21052,B0
23598,R
29003,T1
30509,A1
30561,B1
31295,T0
31295,A0
31309,B0
34295,R
17315,T1
18821,A1
19604,T0
19604,A0
19891,B1
20677,B0
22604,R
16294,T1
17800,A1
18127,B1
18585,T0
18585,A0
18997,B0
20269,B1
20375,B0
21585,R
31557,T1
33063,A1
33323,B1
33878,T0
33878,A0
34339,B0
35512,B1
35613,B0
36878,R
29754,T1
31260,A1
31926,B1
32044,T0
32044,A0
32895,B0
35044,R
16384,T1
17860,A1
18506,B1
18674,T0
18674,A0
19287,B0
20590,B1
20664,B0
21674,R
27531,T1
29037,A1
29503,B1
29851,T0
29851,A0
30386,B0
32851,R
28673,T1
30179,A1
30922,B1
30993,T0
30993,A0
31879,B0
33993,R
34141,T1
35647,A1
36014,B1
36431,T0
36431,A0
36856,B0
39431,R
29995,T1
31501,A1
32073,B1
32315,A0
32323,T0
33001,B0
35315,R
19749,T1
21255,A1
22069,A0
22076,T0
22468,B1
22477,B0
22484,B1
23153,B0
25069,R
25217,T1
26723,A1
27054,B1
27538,T0
27538,A0
27996,B0
30538,R
17946,T1
19422,A1
20236,T0
20236,A0
20532,B1
20541,B0
20548,B1
21283,B0
23236,R
16985,T1
18491,A1
19115,B1
19124,B0
19131,B1
19305,T0
19305,A0
19909,B0
22305,R
22333,T1
23809,A1
23967,B1
24624,T0
24624,A0
24807,B0
27624,R
34712,T1
36188,A1
36713,B1
36720,B0
36728,B1
37002,T0
37002,A0
37590,B0
40002,R
19629,T1
21135,A1
21919,T0
21919,A0
22296,B1
23319,B0
24919,R
33119,T1
34625,A1
34847,B1
34856,B0
34864,B1
35410,T0
35410,A0
35799,B0
38410,R
31166,T1
32672,A1
33313,B1
33456,T0
33456,A0
34143,B0
36456,R
11863,B1
11870,B0
11878,B1
12734,B0
25129,T1
26636,A1
27449,T0
27449,A0
27546,B1
27554,B0
27561,B1
28423,B0
30449,R
33690,T1
35197,A1
35425,B1
36012,T0
36012,A0
36408,B0
39012,R
19028,T1
20534,A1
21347,T0
21347,A0
21457,B1
21464,B0
21472,B1
22174,B0
24347,R
18157,T1
19663,A1
19908,B1
20448,T0
20448,A0
20990,B0
23448,R
24766,T1
26273,A1
26581,B1
26588,B0
26596,B1
27057,T0
27057,A0
27402,B0
30057,R
25758,T1
27234,A1
27828,B1
27837,B0
27845,B1
28048,T0
28048,A0
28638,B0
31048,R
31888,T1
33394,A1
33724,B1
34179,A0
34186,T0
34729,B0
37179,R
27741,T1
29247,A1
29755,B1
30061,T0
30061,A0
30588,B0
33061,R
d2000,w80,m250,s150,p3
28130,T1
30630,A1
31443,T0
31443,A0
34443,R
29601,T1
32101,A1
32249,B1
32256,B0
32264,B1
32886,T0
32886,A0
33412,B0
35886,R
15813,T1
18313,A1
18695,B1
19128,T0
19128,A0
19699,B0
22128,R
20170,T1
22670,A1
22955,B1
22962,B0
22969,B1
23485,T0
23485,A0
24088,B0
26485,R
32758,T1
35241,B1
35249,B0
35256,B1
35256,A1
36074,T0
36074,A0
36719,B0
39074,R
24196,T1
26696,A1
26935,B1
27511,T0
27511,A0
28105,B0
30511,R
19509,T1
22009,A1
22445,B1
22453,B0
22460,B1
22794,T0
22794,A0
23477,B0
25794,R
20259,T1
22790,A1
22932,B1
22939,B0
22947,B1
23575,T0
23575,A0
24231,B0
26575,R
33509,T1
36010,A1
36558,B1
36566,B0
36573,B1
36794,T0
36794,A0
37695,B0
39794,R
27110,T1
29610,A1
29656,B1
29663,B0
29671,B1
30426,T0
30426,A0
31037,B0
33426,R
25788,T1
28318,A1
28857,B1
29102,T0
29102,A0
30207,B0
32102,R
29694,T1
32194,A1
32671,B1
32679,B0
32686,B1
33009,T0
33009,A0
34028,B0
36009,R
21341,T1
23842,A1
23868,B1
23875,B0
23883,B1
24657,T0
24657,A0
25348,B0
27657,R
33209,T1
35710,A1
36272,B1
36494,T0
36494,A0
37601,B0
39494,R
21732,T1
24262,A1
24432,B1
25047,T0
25047,A0
25807,B0
28047,R
28282,T1
30782,A1
31030,B1
31037,B0
31044,B1
31597,T0
31597,A0
32574,B0
34597,R
27651,T1
30151,A1
30430,B1
30438,B0
30445,B1
30936,T0
30936,A0
31940,B0
33936,R
28883,T1
31383,A1
31837,B1
31846,B0
31853,B1
32197,T0
32197,A0
32965,B0
35197,R
32549,T1
35049,A1
35526,B1
35864,T0
35864,A0
36685,B0
38864,R
32968,T1
35469,A1
35827,B1
36253,T0
36253,A0
37239,B0
39253,R
17255,T1
19755,A1
20261,B1
20268,B0
20276,B1
20570,T0
20570,A0
21616,B0
23570,R
16684,T1
19185,A1
19462,B1
19471,B0
19478,B1
19999,T0
19999,A0
20697,B0
22999,R
15302,T1
17803,A1
18366,B1
18617,T0
18617,A0
19536,B0
21617,R
30115,T1
32615,A1
32913,B1
33400,T0
33400,A0
34341,B0
36400,R
27681,T1
30074,B1
30083,B0
30090,B1
30181,A1
30995,T0
30995,A0
31320,B0
33995,R
14070,T1
16570,A1
17203,B1
17210,B0
17218,B1
17384,T0
17384,A0
18494,B0
20384,R
14792,T1
17292,A1
18105,T0
18105,A0
18677,B1
18685,B0
18692,B1
19936,B0
21105,R
22754,T1
25155,B1
25163,B0
25170,B1
25255,A1
26038,T0
26038,A0
26278,B0
29038,R
30625,T1
33125,A1
33585,B1
33910,T0
33910,A0
34753,B0
36910,R
30445,T1
32945,A1
33165,B1
33174,B0
33181,B1
33730,T0
33730,A0
34367,B0
36730,R
33089,T1
35589,A1
35719,B1
35728,B0
35735,B1
36405,T0
36405,A0
36725,B0
39405,R
d2000,w80,m150,s150,p3
29301,T1
30777,A1
31590,T0
31590,A0
34590,R
29451,T1
30957,A1
31770,T0
31770,A0
31796,B1
32806,B0
34770,R
16234,T1
17740,A1
18554,T0
18554,A0
18817,B1
19707,B0
21554,R
27260,T1
28766,A1
29440,B1
29447,B0
29455,B1
29550,T0
29550,A0
30371,B0
32550,R
31767,T1
33243,A1
33841,B1
34058,T0
34058,A0
34978,B0
37058,R
18006,T1
19512,A1
20182,B1
20191,B0
20199,B1
20326,T0
20326,A0
21424,B0
23326,R
33690,T1
35196,A1
35980,T0
35980,A0
36031,B1
37212,B0
38980,R
26810,T1
28285,A1
28836,B1
29100,T0
29100,A0
29734,B0
32100,R
20710,T1
22186,A1
23000,T0
23000,A0
23033,B1
24157,B0
26000,R
30024,T1
31531,A1
32186,B1
32314,T0
32314,A0
33010,B0
35314,R
20290,T1
21797,A1
22580,T0
22580,A0
22875,B1
24182,B0
25580,R
19058,T1
20564,A1
21347,A0
21355,T0
21854,B1
23107,B0
24347,R
31077,T1
32583,A1
33016,B1
33367,T0
33367,A0
33983,B0
36367,R
14732,T1
16238,A1
17051,T0
17051,A0
17283,B1
17291,B0
17298,B1
18282,B0
20051,R
21522,T1
22998,A1
23434,B1
23443,B0
23450,B1
23813,T0
23813,A0
24347,B0
26813,R
16954,T1
18460,A1
19089,B1
19098,B0
19106,B1
19244,T0
19244,A0
20013,B0
22244,R
15122,T1
16629,A1
17330,B1
17442,T0
17442,A0
18428,B0
20442,R
15753,T1
17260,A1
18073,T0
18073,A0
18251,B1
18259,B0
18266,B1
19206,B0
21073,R
29514,T1
31020,A1
31454,B1
31462,B0
31470,B1
31835,T0
31835,A0
32701,B0
34835,R
33299,T1
34805,A1
35395,B1
35403,B0
35410,B1
35619,T0
35619,A0
36333,B0
38619,R
16024,T1
17500,A1
18313,T0
18313,A0
18701,B1
18708,B0
18716,B1
19381,B0
21313,R
19870,T1
21376,A1
21930,B1
21938,B0
21945,B1
22190,T0
22190,A0
22859,B0
25190,R
33570,T1
35046,A1
35531,B1
35540,B0
35547,B1
35861,T0
35861,A0
36354,B0
38861,R
18517,T1
20023,A1
20700,B1
20708,B0
20715,B1
20837,T0
20837,A0
21566,B0
23837,R
31226,T1
32732,A1
33109,B1
33116,B0
33124,B1
33517,T0
33517,A0
34087,B0
36517,R
31286,T1
32793,A1
33357,B1
33364,B0
33372,B1
33577,T0
33577,A0
34243,B0
36577,R
28702,T1
30208,A1
30992,T0
30992,A0
31006,B1
32034,B0
33992,R
21281,T1
22787,A1
23478,B1
23487,B0
23495,B1
23571,T0
23571,A0
24407,B0
26571,R
17526,T1
19002,A1
19464,B1
19471,B0
19479,B1
19816,T0
19816,A0
20436,B0
22816,R
22724,T1
24230,A1
24631,B1
24640,B0
24648,B1
25014,T0
25014,A0
25728,B0
28014,R
24286,T1
25792,A1
26392,B1
26401,B0
26408,B1
26607,T0
26607,A0
27645,B0
29607,R
d2000,w80,m200,s300,p3
30831,T1
32820,A1
33615,T0
33615,A0
36615,R
27158,T1
29178,A1
29280,B1
29975,T0
29975,A0
30389,B0
32975,R
27160,T1
29149,A1
29202,B1
29947,T0
29947,A0
30395,B0
32947,R
30028,T1
32017,A1
32302,B1
32309,B0
32317,B1
32814,T0
32814,A0
33619,B0
35814,R
17515,T1
19535,A1
19729,B1
19738,B0
19745,B1
20332,T0
20332,A0
20768,B0
23332,R
32470,T1
34459,A1
34794,B1
34801,B0
34809,B1
35287,A0
35294,T0
35934,B0
38287,R
27922,T1
29942,A1
30108,B1
30115,B0
30123,B1
30739,T0
30739,A0
31199,B0
33739,R
15959,T1
17979,A1
18385,B1
18392,B0
18399,B1
18776,T0
18776,A0
19392,B0
21776,R
16233,T1
18223,A1
18757,B1
18766,B0
18774,B1
19050,T0
19050,A0
19771,B0
22050,R
15135,T1
17124,A1
17565,B1
17574,B0
17581,B1
17951,T0
17951,A0
18521,B0
20951,R
18981,T1
20970,A1
21152,B1
21161,B0
21168,B1
21767,T0
21767,A0
22149,B0
24767,R
19744,T1
21733,A1
21928,B1
21936,B0
21944,B1
22530,T0
22530,A0
22869,B0
25530,R
32805,T1
34794,A1
35017,B1
35026,B0
35033,B1
35592,T0
35592,A0
35868,B0
38592,R
21422,T1
23411,A1
23698,B1
23707,B0
23714,B1
24208,A0
24215,T0
24765,B0
27208,R
27312,T1
29301,A1
29449,B1
29456,B0
29464,B1
30098,T0
30098,A0
30951,B0
33098,R
18797,T1
20786,A1
21223,B1
21230,B0
21238,B1
21583,T0
21583,A0
22160,B0
24583,R
21361,T1
23381,A1
23688,B1
23696,B0
23703,B1
24178,T0
24178,A0
24760,B0
27178,R
17454,T1
19474,A1
20011,B1
20271,T0
20271,A0
21266,B0
23271,R
18309,T1
20298,A1
20826,B1
20835,B0
20843,B1
21094,T0
21094,A0
21830,B0
24094,R
23650,T1
25670,A1
25979,B1
25987,B0
25994,B1
26467,T0
26467,A0
27088,B0
29467,R
20659,T1
22678,A1
23018,B1
23027,B0
23034,B1
23475,T0
23475,A0
24178,B0
26475,R
24077,T1
26097,A1
26181,B1
26190,B0
26197,B1
26895,T0
26895,A0
27367,B0
29895,R
16081,T1
18070,A1
18865,A0
18873,T0
19158,B1
19167,B0
19174,B1
20732,B0
21865,R
19225,T1
21214,A1
21747,B1
21755,B0
21762,B1
22011,T0
22011,A0
22806,B0
25011,R
19102,T1
21091,A1
21649,B1
21657,B0
21664,B1
21888,T0
21888,A0
22524,B0
24888,R
26915,T1
28904,A1
29340,B1
29349,B0
29356,B1
29701,T0
29701,A0
30479,B0
32701,R
30547,T1
32566,A1
32895,B1
32903,B0
32910,B1
33363,T0
33363,A0
34044,B0
36363,R
15013,T1
17033,A1
17593,B1
17601,B0
17608,B1
17830,T0
17830,A0
18515,B0
20830,R
24900,T1
26920,A1
27172,B1
27180,B0
27188,B1
27717,T0
27717,A0
28221,B0
30717,R
17088,T1
19078,A1
19523,B1
19530,B0
19538,B1
19874,T0
19874,A0
20860,B0
22874,R
31493,T1
33381,B1
33389,B0
33396,B1
33483,A1
34309,T0
34309,A0
35038,B0
37309,R
d2000,w80,m200,s150,p3
22201,T1
24220,A1
25003,T0
25003,A0
28003,R
22932,T1
24950,A1
25209,B1
25217,B0
25224,B1
25735,T0
25735,A0
26180,B0
28735,R
33810,T1
35828,A1
36494,B1
36503,B0
36511,B1
36612,T0
36612,A0
38045,B0
39612,R
22784,T1
24802,A1
25494,B1
25503,B0
25510,B1
25586,T0
25586,A0
26572,B0
28586,R
15512,T1
17500,A1
18314,T0
18314,A0
21314,R
22871,T1
24860,A1
25673,T0
25673,A0
25701,B1
25710,B0
25718,B1
26750,B0
28673,R
23505,T1
25493,A1
25819,B1
25826,B0
25834,B1
26308,T0
26308,A0
26917,B0
29308,R
21251,T1
23239,A1
23702,B1
23709,B0
23717,B1
24053,T0
24053,A0
24785,B0
27053,R
28973,T1
30792,B1
30800,B0
30807,B1
30992,A1
31775,T0
31775,A0
32141,B0
34775,R
14641,T1
16630,A1
17402,B1
17443,T0
17443,A0
18664,B0
20443,R
16354,T1
18342,A1
18862,B1
18871,B0
18878,B1
19157,T0
19157,A0
19895,B0
22157,R
17736,T1
19724,A1
20244,B1
20252,B0
20259,B1
20538,T0
20538,A0
21315,B0
23538,R
21882,T1
23871,A1
24458,B1
24467,B0
24474,B1
24685,T0
24685,A0
25565,B0
27685,R
23865,T1
25853,A1
26202,B1
26209,B0
26217,B1
26668,T0
26668,A0
27274,B0
29668,R
22994,T1
24982,A1
25505,B1
25512,B0
25519,B1
25796,T0
25796,A0
26702,B0
28796,R
25037,T1
27055,A1
27498,B1
27505,B0
27513,B1
27840,T0
27840,A0
28502,B0
30840,R
19028,T1
21046,A1
21501,B1
21508,B0
21516,B1
21830,T0
21830,A0
22620,B0
24830,R
27080,T1
29068,A1
29228,B1
29237,B0
29244,B1
29883,T0
29883,A0
30401,B0
32883,R
25638,T1
27627,A1
28196,B1
28205,B0
28213,B1
28441,T0
28441,A0
29267,B0
31441,R
18877,T1
20896,A1
21648,B1
21656,B0
21663,B1
21679,T0
21679,A0
22685,B0
24679,R
24226,T1
26214,A1
26404,B1
26413,B0
26421,B1
27029,A0
27037,T0
27396,B0
30029,R
22874,T1
24862,A1
25411,B1
25419,B0
25427,B1
25676,T0
25676,A0
26427,B0
28676,R
22243,T1
24231,A1
24697,B1
24704,B0
24712,B1
25046,T0
25046,A0
25448,B0
28046,R
22002,T1
24020,A1
24323,B1
24330,B0
24337,B1
24805,T0
24805,A0
25388,B0
27805,R
24226,T1
26244,A1
26462,B1
26471,B0
26479,B1
27029,T0
27029,A0
27629,B0
30029,R
31797,T1
33785,A1
34099,B1
34106,B0
34114,B1
34600,T0
34600,A0
35089,B0
37600,R
33179,T1
35168,A1
35794,B1
35803,B0
35810,B1
35982,T0
35982,A0
36901,B0
38982,R
31046,T1
33034,A1
33232,B1
33849,T0
33849,A0
34296,B0
36849,R
32248,T1
34236,A1
34892,B1
34899,B0
34907,B1
35050,T0
35050,A0
36066,B0
38050,R
18006,T1
19995,A1
20390,B1
20399,B0
20406,B1
20809,T0
20809,A0
21359,B0
23809,R
31918,T1
33906,A1
34590,B1
34599,B0
34607,B1
34720,T0
34720,A0
35801,B0
37720,R
18727,T1
20715,A1
21211,B1
21219,B0
21226,B1
21530,A0
21537,T0
22232,B0
24530,R
d2000,w80,m300,s300,p3
23659,T1
26658,A1
27484,T0
27484,A0
30484,R
18980,T1
21979,A1
22774,T0
22774,A0
25774,R
29050,T1
31673,B1
31681,B0
31688,B1
32080,A1
32875,T0
32875,A0
33286,B0
35875,R
14403,T1
17402,A1
17643,B1
18199,T0
18199,A0
18817,B0
21199,R
29600,T1
32552,B1
32561,B0
32569,B1
32600,A1
33426,T0
33426,A0
33822,B0
36426,R
26548,T1
29578,A1
29608,B1
30376,T0
30376,A0
30912,B0
33376,R
28990,T1
31977,B1
31985,B0
31985,A1
32000,B1
32787,T0
32787,A0
33208,B0
35787,R
23283,T1
26247,B1
26255,B0
26262,B1
26282,A1
27078,T0
27078,A0
27606,B0
30078,R
27281,T1
30280,A1
30475,B1
30482,B0
30490,B1
31108,T0
31108,A0
32009,B0
34108,R
22947,T1
25946,A1
26006,B1
26013,B0
26021,B1
26744,T0
26744,A0
27289,B0
29744,R
28563,T1
31562,A1
31785,B1
32359,T0
32359,A0
32954,B0
35359,R
24138,T1
27137,A1
27201,B1
27210,B0
27217,B1
27934,T0
27934,A0
28439,B0
30934,R
23070,T1
26060,B1
26067,B0
26067,A1
26082,B1
26867,T0
26867,A0
27490,B0
29867,R
17057,T1
20069,B1
20076,B0
20083,B1
20083,A1
20884,T0
20884,A0
21584,B0
23884,R
32103,T1
35102,A1
35265,B1
35272,B0
35280,B1
35900,A0
35907,T0
36409,B0
38900,R
23405,T1
26404,A1
26761,B1
26768,B0
26776,B1
27201,A0
27208,T0
28074,B0
30201,R
28715,T1
31714,A1
31851,B1
32512,T0
32512,A0
33105,B0
35512,R
25724,T1
28754,A1
29168,B1
29176,B0
29183,B1
29550,T0
29550,A0
30173,B0
32550,R
23528,T1
26527,A1
26844,B1
26852,B0
26859,B1
27324,T0
27324,A0
28001,B0
30324,R
31095,T1
34095,A1
34103,B1
34892,T0
34892,A0
34981,B0
37892,R
21727,T1
24726,A1
24796,B1
24804,B0
24811,B1
25524,T0
25524,A0
25791,B0
28524,R
23039,T1
25992,B1
26001,B0
26009,B1
26038,A1
26834,T0
26834,A0
27355,B0
29834,R
13639,T1
16454,B1
16461,B0
16469,B1
16638,A1
17434,T0
17434,A0
17598,B0
20434,R
13914,T1
16913,A1
17472,B1
17709,T0
17709,A0
18604,B0
20709,R
25481,T1
28480,A1
28517,B1
28525,B0
28532,B1
29277,T0
29277,A0
29661,B0
32277,R
17074,B1
17081,B0
17089,B1
19348,B0
22673,T1
25672,A1
26133,B1
26141,B0
26148,B1
26469,T0
26469,A0
27050,B0
29469,R
18827,T1
21827,A1
22247,B1
22255,B0
22263,B1
22623,T0
22623,A0
23272,B0
25623,R
25481,T1
28480,A1
28584,B1
28592,B0
28599,B1
29277,T0
29277,A0
29626,B0
32277,R
18034,T1
21033,A1
21330,B1
21830,T0
21830,A0
22286,B0
24830,R
24016,T1
26899,B1
26907,B0
26914,B1
27015,A1
27811,T0
27811,A0
28046,B0
30811,R
24687,T1
27686,A1
27706,B1
27714,B0
27721,B1
28484,T0
28484,A0
28809,B0
31484,R
32255,T1
35254,A1
35571,B1
35580,B0
35587,B1
36051,T0
36051,A0
36754,B0
39051,R
d2000,w80,m200,s150,p3
16194,T1
18182,A1
18996,T0
18996,A0
21996,R
25935,T1
27923,A1
28737,T0
28737,A0
28752,B1
29823,B0
31737,R
24376,T1
26364,A1
26928,B1
26936,B0
26943,B1
27178,T0
27178,A0
27925,B0
30178,R
23715,T1
25703,A1
26517,T0
26517,A0
26555,B1
27632,B0
29517,R
26810,T1
28529,B1
28538,B0
28545,B1
28828,A1
29403,B0
29612,T0
29612,A0
32612,R
15392,T1
17410,A1
18194,T0
18194,A0
18221,B1
19079,B0
21194,R
16774,T1
18793,A1
19129,B1
19136,B0
19144,B1
19577,T0
19577,A0
19983,B0
22577,R
31617,T1
33605,A1
33778,B1
33787,B0
33794,B1
34420,T0
34420,A0
34729,B0
37420,R
34081,T1
36069,A1
36305,B1
36312,B0
36320,B1
36884,T0
36884,A0
37103,B0
39884,R
18036,T1
20025,A1
20576,B1
20585,B0
20593,B1
20839,T0
20839,A0
21545,B0
23839,R
17796,T1
19814,A1
19983,B1
19992,B0
19999,B1
20599,T0
20599,A0
21252,B0
23599,R
14972,T1
16960,A1
17400,B1
17407,B0
17415,B1
17775,T0
17775,A0
18706,B0
20775,R
28041,T1
30029,A1
30402,B1
30409,B0
30417,B1
30844,T0
30844,A0
31616,B0
33844,R
26780,T1
28768,A1
29245,B1
29254,B0
29261,B1
29582,T0
29582,A0
30508,B0
32582,R
17496,T1
19484,A1
19690,B1
19698,B0
19705,B1
20299,T0
20299,A0
20682,B0
23299,R
32759,T1
34777,A1
35276,B1
35285,B0
35292,B1
35561,T0
35561,A0
36288,B0
38561,R
19659,T1
21677,A1
21964,B1
21971,B0
21978,B1
22462,T0
22462,A0
22929,B0
25462,R
18457,T1
20445,A1
20702,B1
20709,B0
20717,B1
21260,T0
21260,A0
22192,B0
24260,R
18577,T1
20566,A1
21269,B1
21277,B0
21284,B1
21379,T0
21379,A0
22408,B0
24379,R
28643,T1
30661,A1
30807,B1
30814,B0
30822,B1
31446,T0
31446,A0
32017,B0
34446,R
27411,T1
29399,A1
29981,B1
29989,B0
29996,B1
30213,A0
30221,T0
31038,B0
33213,R
16594,T1
18583,A1
19396,T0
19396,A0
19571,B1
19579,B0
19586,B1
20703,B0
22396,R
28132,T1
30150,A1
30259,B1
30267,B0
30274,B1
30935,T0
30935,A0
31354,B0
33935,R
25217,T1
27236,A1
27564,B1
27572,B0
27579,B1
28020,T0
28020,A0
28464,B0
31020,R
17045,T1
19064,A1
19847,T0
19847,A0
20161,B1
20168,B0
20176,B1
21846,B0
22847,R
32729,T1
34747,A1
35243,B1
35252,B0
35260,B1
35531,T0
35531,A0
36330,B0
38531,R
27501,T1
29519,A1
30302,T0
30302,A0
30499,B1
30507,B0
30515,B1
31698,B0
33302,R
20771,T1
22790,A1
23273,B1
23281,B0
23289,B1
23574,T0
23574,A0
24151,B0
26574,R
15362,T1
17380,A1
18132,B1
18139,B0
18147,B1
18164,T0
18164,A0
18726,B0
21164,R
19659,T1
21677,A1
21955,B1
21964,B0
21972,B1
22462,T0
22462,A0
22765,B0
25462,R
18517,T1
20505,A1
20787,B1
20796,B0
20803,B1
21320,T0
21320,A0
21750,B0
24320,R
d2000,w80,m250,s300,p3
22683,T1
25193,A1
25988,A0
25996,T0
28988,R
29782,T1
32243,B1
32252,B0
32259,B1
32259,A1
33090,T0
33090,A0
33384,B0
36090,R
14524,T1
16993,B1
17000,B0
17008,B1
17034,A1
17830,T0
17830,A0
18009,B0
20830,R
15440,T1
17919,A1
17960,B1
17967,B0
17975,B1
18747,T0
18747,A0
19081,B0
21747,R
19468,T1
21947,B1
21954,B0
21962,B1
21978,A1
22774,T0
22774,A0
23253,B0
25774,R
16905,T1
19384,A1
19842,B1
20211,T0
20211,A0
20871,B0
23211,R
15013,T1
17492,A1
17894,B1
17901,B0
17909,B1
18319,T0
18319,A0
18992,B0
21319,R
27098,T1
29608,A1
29880,B1
29888,B0
29895,B1
30405,T0
30405,A0
30972,B0
33405,R
28715,T1
31225,A1
31575,B1
31583,B0
31590,B1
32022,T0
32022,A0
32645,B0
35022,R
19407,T1
21917,A1
22294,B1
22301,B0
22309,B1
22713,A0
22721,T0
23296,B0
25713,R
18553,T1
21063,A1
21513,B1
21521,B0
21528,B1
21860,T0
21860,A0
22702,B0
24860,R
16081,T1
18590,A1
18833,B1
18841,B0
18848,B1
19387,A0
19395,T0
19923,B0
22387,R
23802,T1
26281,A1
26603,B1
26612,B0
26619,B1
27078,T0
27078,A0
27697,B0
30078,R
29631,T1
32110,A1
32185,B1
32193,B0
32200,B1
32938,T0
32938,A0
33474,B0
35938,R
32927,T1
35437,A1
35708,B1
35715,B0
35723,B1
36234,T0
36234,A0
36730,B0
39234,R
19835,T1
22329,B1
22336,B0
22344,B1
22344,A1
23142,T0
23142,A0
23522,B0
26142,R
18278,T1
20788,A1
20892,B1
20901,B0
20908,B1
21585,T0
21585,A0
22141,B0
24585,R
32012,T1
34521,A1
34732,B1
34740,B0
34747,B1
35319,T0
35319,A0
35855,B0
38319,R
29875,T1
32384,A1
32395,B1
32404,B0
32412,B1
33182,T0
33182,A0
33478,B0
36182,R
22276,T1
24755,A1
24893,B1
24900,B0
24908,B1
25552,T0
25552,A0
26201,B0
28552,R
15349,T1
17858,A1
18535,B1
18542,B0
18550,B1
18655,T0
18655,A0
19638,B0
21655,R
20017,T1
22527,A1
22704,B1
22712,B0
22719,B1
23324,T0
23324,A0
23933,B0
26324,R
16478,T1
18987,A1
19202,B1
19210,B0
19217,B1
19784,T0
19784,A0
20396,B0
22784,R
20079,T1
22589,A1
22799,B1
22807,B0
22814,B1
23386,T0
23386,A0
23937,B0
26386,R
23344,T1
25854,A1
26304,B1
26312,B0
26319,B1
26650,T0
26650,A0
27348,B0
29650,R
18767,T1
21276,A1
21422,B1
21430,B0
21437,B1
22074,T0
22074,A0
22803,B0
25074,R
27190,T1
29699,A1
29838,B1
29846,B0
29853,B1
30496,T0
30496,A0
31195,B0
33496,R
20598,T1
23107,A1
23345,B1
23353,B0
23360,B1
23905,T0
23905,A0
24646,B0
26905,R
30302,T1
32812,A1
33035,B1
33043,B0
33050,B1
33609,T0
33609,A0
34202,B0
36609,R
30913,T1
33422,A1
33667,B1
33676,B0
33684,B1
34219,T0
34219,A0
35004,B0
37219,R
26091,T1
28601,A1
28843,B1
28851,B0
28858,B1
29398,T0
29398,A0
30136,B0
32398,R
d2000,w80,m50,s300,p3
16111,T1
16601,A1
17396,T0
17396,A0
20396,R
19774,T1
20264,A1
21059,T0
21059,A0
24059,R
26640,T1
27130,A1
27925,T0
27925,A0
28415,B1
28422,B0
28430,B1
29224,B0
30925,R
26863,B1
26870,B0
26878,B1
27920,B0
33905,T1
34425,A1
35221,T0
35221,A0
38221,R
25419,T1
25908,A1
26735,A0
26742,T0
27065,B1
27073,B0
27080,B1
27790,B0
29735,R
23741,T1
24231,A1
25027,T0
25027,A0
25316,B1
25973,B0
28027,R
18981,T1
19501,A1
20297,T0
20297,A0
20670,B1
20679,B0
20686,B1
21499,B0
23297,R
22724,B1
22731,B0
22739,B1
23828,B0
28625,T1
29115,A1
29910,T0
29910,A0
32910,R
24902,T1
25422,A1
26218,T0
26218,A0
26565,B1
26572,B0
26580,B1
27343,B0
29218,R
27472,B1
27479,B0
27487,B1
28167,T1
28615,B0
28657,A1
29452,T0
29452,A0
32452,R
24413,T1
24933,A1
25550,B1
25558,B0
25565,B1
25730,T0
25730,A0
26520,B0
28730,R
23966,B1
23973,B0
23981,B1
25105,B0
34362,T1
34851,A1
35647,T0
35647,A0
38647,R
21727,T1
22216,A1
23042,T0
23042,A0
23391,B1
23400,B0
23407,B1
24234,B0
26042,R
23040,T1
23561,A1
24356,T0
24356,A0
24452,B1
24459,B0
24467,B1
25177,B0
27356,R
22609,B1
22616,B0
22623,B1
23654,B0
32623,T1
33113,A1
33908,T0
33908,A0
36908,R
22307,T1
22827,A1
23623,T0
23623,A0
24134,B1
24143,B0
24150,B1
24865,B0
26623,R
28472,T1
28992,A1
29788,T0
29788,A0
29843,B1
29851,B0
29858,B1
30538,B0
32788,R
20933,T1
21423,A1
22219,T0
22219,A0
22581,B1
22590,B0
22598,B1
23325,B0
25219,R
17760,T1
18250,A1
19076,T0
19076,A0
19466,B1
20252,B0
22076,R
20207,B1
20214,B0
20222,B1
21108,B0
26397,T1
26917,A1
27713,T0
27713,A0
30713,R
20673,B1
20680,B0
20688,B1
22001,B0
32407,T1
32897,A1
33692,T0
33692,A0
36692,R
27195,B1
27202,B0
27209,B1
28372,B0
31889,T1
32379,A1
33205,T0
33205,A0
36205,R
25329,T1
25849,A1
26645,T0
26645,A0
26901,B1
26909,B0
26916,B1
27824,B0
29645,R
26702,T1
27191,A1
27987,T0
27987,A0
28513,B1
29257,B0
30987,R
27862,T1
28351,A1
29147,T0
29147,A0
29422,B1
30246,B0
32147,R
18432,T1
18921,A1
19748,T0
19748,A0
20150,B1
20158,B0
20165,B1
20845,B0
22748,R
19377,T1
19898,A1
20693,T0
20693,A0
20913,B1
20921,B0
20929,B1
21635,B0
23693,R
19829,B1
19836,B0
19844,B1
20911,B0
34456,T1
34945,A1
35772,A0
35779,T0
38772,R
19072,T1
19592,A1
20388,T0
20388,A0
20631,B1
21215,B0
23388,R
16906,T1
17395,A1
18221,T0
18221,A0
18685,B1
19448,B0
21221,R
20715,B1
20723,B0
20730,B1
21773,B0
33296,T1
33786,A1
34582,T0
34582,A0
37582,R
26555,B1
26563,B0
26570,B1
28037,B0
30181,T1
30671,A1
31466,T0
31466,A0
34466,R
d2000,w80,m50,s150,p3
31694,T1
32206,A1
32989,A0
32997,T0
35989,R
34197,T1
34679,A1
35493,A0
35500,T0
36098,B1
36107,B0
36114,B1
36954,B0
38493,R
29685,B1
29692,B0
29700,B1
31085,B0
32279,T1
32791,A1
33574,T0
33574,A0
36574,R
24968,B1
24975,B0
24983,B1
26025,B0
31378,T1
31890,A1
32673,T0
32673,A0
35673,R
35493,T1
36005,A1
36819,T0
36819,A0
37163,B1
37170,B0
37178,B1
37951,B0
39819,R
19478,T1
19960,A1
20774,T0
20774,A0
23774,R
30322,T1
30834,A1
31084,B1
31092,B0
31099,B1
31649,T0
31649,A0
32041,B0
34649,R
30671,B1
30678,B0
30686,B1
31522,B0
33841,T1
34353,A1
35136,T0
35136,A0
38136,R
28820,B1
28827,B0
28835,B1
29394,T1
29874,B0
29906,A1
30720,T0
30720,A0
33720,R
16564,T1
17046,A1
17860,T0
17860,A0
20860,R
26492,B1
26500,B0
26507,B1
27374,B0
31884,T1
32396,A1
33210,T0
33210,A0
36210,R
30475,T1
30987,A1
31771,T0
31771,A0
32203,B1
33151,B0
34771,R
27410,T1
27923,A1
28736,T0
28736,A0
29289,B1
29297,B0
29304,B1
29861,B0
31736,R
17466,T1
17978,A1
18761,T0
18761,A0
20329,B1
20337,B0
20344,B1
21246,B0
21761,R
25187,T1
25669,A1
26483,T0
26483,A0
26903,B1
26912,B0
26920,B1
27846,B0
29483,R
19178,T1
19690,A1
20474,T0
20474,A0
20924,B1
20933,B0
20941,B1
21981,B0
23474,R
17706,T1
18218,A1
19031,T0
19031,A0
19464,B1
19473,B0
19480,B1
20253,B0
22031,R
28385,B1
28392,B0
28399,B1
29401,B0
29545,T1
30057,A1
30840,T0
30840,A0
33840,R
30235,T1
30717,A1
31531,T0
31531,A0
31801,B1
31808,B0
31816,B1
32791,B0
34531,R
23715,T1
24227,A1
25010,A0
25018,T0
25472,B1
26383,B0
28010,R
28103,T1
28615,A1
29398,T0
29398,A0
29488,B1
29495,B0
29503,B1
30276,B0
32398,R
24166,T1
24678,A1
25461,T0
25461,A0
25837,B1
26684,B0
28461,R
29155,B1
29162,B0
29170,B1
29364,T1
29877,A1
30032,B0
30690,T0
30690,A0
33690,R
21492,T1
21974,A1
22787,T0
22787,A0
23253,B1
23261,B0
23268,B1
24061,B0
25787,R
21672,T1
21768,B1
21776,B0
21783,B1
22185,A1
22529,B0
22998,T0
22998,A0
25998,R
21131,T1
21613,A1
22427,T0
22427,A0
22693,B1
22700,B0
22708,B1
23656,B0
25427,R
17766,T1
18278,A1
19092,T0
19092,A0
19931,B1
19939,B0
19946,B1
20896,B0
22092,R
22573,T1
23085,A1
23868,T0
23868,A0
24200,B1
24208,B0
24216,B1
24827,B0
26868,R
19737,B1
19745,B0
19753,B1
20680,B0
21312,T1
21825,A1
22608,A0
22615,T0
25608,R
22303,T1
22815,A1
23139,B1
23146,B0
23154,B1
23600,T0
23600,A0
23928,B0
26600,R
22936,B1
22943,B0
22950,B1
24290,B0
29034,T1
29546,A1
30329,T0
30329,A0
33329,R
26471,B1
26478,B0
26486,B1
27528,B0
33751,T1
34233,A1
35047,T0
35047,A0
38047,R
25157,T1
25669,A1
26453,T0
26453,A0
26884,B1
26892,B0
26899,B1
27903,B0
29453,R
d2000,w80,m200,s300,p3
30373,T1
32362,A1
33188,T0
33188,A0
36188,R
23374,T1
25394,A1
26190,T0
26190,A0
29190,R
20566,T1
22586,A1
23382,T0
23382,A0
26382,R
15409,T1
17398,A1
18194,T0
18194,A0
21194,R
33810,T1
35830,A1
36626,T0
36626,A0
39626,R
30789,T1
32778,A1
33604,T0
33604,A0
36604,R
18248,T1
20267,A1
21063,T0
21063,A0
24063,R
29050,T1
31070,A1
31865,T0
31865,A0
34865,R
27189,T1
29178,A1
30004,T0
30004,A0
33004,R
16355,T1
18345,A1
19171,T0
19171,A0
22171,R
15440,T1
17429,A1
18225,T0
18225,A0
21225,R
23496,T1
25485,A1
26232,B1
26241,B0
26248,B1
26281,T0
26281,A0
27060,B0
29281,R
30943,T1
32963,A1
33328,B1
33336,B0
33343,B1
33760,T0
33760,A0
34301,B0
36760,R
32775,T1
34752,B1
34760,B0
34767,B1
34795,A1
35590,T0
35590,A0
35671,B0
38590,R
18431,T1
20421,A1
21247,T0
21247,A0
21297,B1
21305,B0
21312,B1
22242,B0
24247,R
32378,T1
34335,B1
34342,B0
34350,B1
34398,A1
35194,T0
35194,A0
35309,B0
38194,R
33385,T1
35404,A1
35947,B1
35956,B0
35964,B1
36201,T0
36201,A0
36843,B0
39201,R
33843,T1
35862,A1
36346,B1
36659,T0
36659,A0
37247,B0
39659,R
27770,T1
29759,A1
29943,B1
29951,B0
29959,B1
30556,T0
30556,A0
30790,B0
33556,R
19103,T1
21092,A1
21888,T0
21888,A0
24888,R
19132,T1
21152,A1
21947,T0
21947,A0
21979,B1
22961,B0
24947,R
14281,T1
16270,A1
16690,B1
16697,B0
16705,B1
17067,T0
17067,A0
17519,B0
20067,R
14311,T1
16331,A1
16676,B1
16685,B0
16693,B1
17128,T0
17128,A0
17452,B0
20128,R
20628,T1
22617,A1
22991,B1
23445,T0
23445,A0
23828,B0
26445,R
20232,T1
22221,A1
22978,B1
22986,B0
22994,B1
23017,T0
23017,A0
23702,B0
26017,R
20964,T1
22953,A1
23025,B1
23781,A0
23789,T0
23969,B0
26781,R
15623,T1
17643,A1
18209,B1
18218,B0
18225,B1
18440,T0
18440,A0
19125,B0
21440,R
27617,T1
29606,A1
30276,B1
30283,B0
30291,B1
30402,T0
30402,A0
31180,B0
33402,R
33141,T1
35161,A1
35591,B1
35957,T0
35957,A0
36410,B0
38957,R
20507,T1
22527,A1
23027,B1
23035,B0
23042,B1
23323,T0
23323,A0
23747,B0
26323,R
17577,T1
19597,A1
20197,B1
20205,B0
20213,B1
20393,T0
20393,A0
20981,B0
23393,R
32530,T1
34519,A1
34916,B1
34925,B0
34932,B1
35347,T0
35347,A0
35832,B0
38347,R
29143,T1
31132,A1
31205,B1
31212,B0
31220,B1
31960,T0
31960,A0
32175,B0
34960,R
19560,T1
21550,A1
22295,B1
22304,B0
22312,B1
22346,T0
22346,A0
23272,B0
25346,R
17210,T1
19230,A1
19643,B1
19652,B0
19660,B1
20026,T0
20026,A0
20647,B0
23026,R
30730,T1
32720,A1
33244,B1
33253,B0
33261,B1
33516,T0
33516,A0
34214,B0
36516,R
28167,T1
30186,A1
30736,B1
30743,B0
30751,B1
30983,T0
30983,A0
31613,B0
33983,R
16142,T1
18131,A1
18692,B1
18700,B0
18707,B1
18927,T0
18927,A0
19580,B0
21927,R
14312,T1
16301,A1
16829,B1
16836,B0
16844,B1
17097,T0
17097,A0
17797,B0
20097,R
27556,T1
29576,A1
30037,B1
30045,B0
30052,B1
30373,T0
30373,A0
31058,B0
33373,R
34026,T1
36045,A1
36643,B1
36652,B0
36660,B1
36842,T0
36842,A0
37649,B0
39842,R
19987,T1
21976,A1
22451,B1
22458,B0
22466,B1
22773,T0
22773,A0
23327,B0
25773,R
d2000,w80,m300,s150,p3
20068,T1
23081,A1
23864,T0
23864,A0
26864,R
32334,T1
35316,A1
36129,T0
36129,A0
39129,R
20739,T1
23751,A1
24534,T0
24534,A0
27534,R
23262,T1
26275,A1
27058,T0
27058,A0
30058,R
29930,T1
32943,A1
33726,T0
33726,A0
36726,R
16533,T1
19545,A1
20359,T0
20359,A0
23359,R
21129,T1
24141,A1
24954,T0
24954,A0
27954,R
30562,T1
33574,A1
34357,A0
34365,T0
37357,R
30441,T1
33454,A1
34237,T0
34237,A0
37237,R
18996,T1
22009,A1
22463,B1
22471,B0
22478,B1
22823,T0
22823,A0
23751,B0
25823,R
18367,T1
21220,B1
21227,B0
21235,B1
21380,A1
22163,T0
22163,A0
22485,B0
25163,R
30325,T1
33337,A1
33578,B1
33585,B0
33593,B1
34152,T0
34152,A0
34773,B0
37152,R
29394,T1
32406,A1
32840,B1
32849,B0
32856,B1
33221,T0
33221,A0
35534,B0
36221,R
16443,T1
19456,A1
19811,B1
19819,B0
19826,B1
20271,T0
20271,A0
20810,B0
23271,R
16594,T1
19576,A1
19912,B1
19920,B0
19927,B1
20391,T0
20391,A0
20914,B0
23391,R
16473,T1
19486,A1
19788,B1
19795,B0
19802,B1
20271,T0
20271,A0
20814,B0
23271,R
15872,T1
18885,A1
19196,B1
19205,B0
19212,B1
19670,T0
19670,A0
20224,B0
22670,R
23234,T1
26246,A1
26680,B1
26689,B0
26696,B1
27030,T0
27030,A0
27949,B0
30030,R
29003,T1
32016,A1
32369,B1
32376,B0
32384,B1
32800,T0
32800,A0
33508,B0
35800,R
31617,T1
34522,B1
34530,B0
34537,B1
34599,A1
35413,A0
35420,T0
35992,B0
38413,R
19779,T1
22791,A1
23439,B1
23447,B0
23454,B1
23575,T0
23575,A0
24470,B0
26575,R
30204,T1
33217,A1
33770,B1
34001,T0
34001,A0
34857,B0
37001,R
23324,T1
26337,A1
26817,B1
26824,B0
26832,B1
27121,T0
27121,A0
27889,B0
30121,R
18757,T1
21770,A1
22102,B1
22109,B0
22116,B1
22554,T0
22554,A0
23244,B0
25554,R
16234,T1
19246,A1
19496,B1
19504,B0
19511,B1
20031,T0
20031,A0
20506,B0
23031,R
27170,T1
30182,A1
30253,B1
30260,B0
30268,B1
30998,T0
30998,A0
31401,B0
33998,R
21311,T1
24293,A1
24591,B1
24598,B0
24606,B1
25108,T0
25108,A0
25944,B0
28108,R
17706,T1
20718,A1
21041,B1
21049,B0
21056,B1
21533,T0
21533,A0
22155,B0
24533,R
24045,T1
27058,A1
27318,B1
27327,B0
27334,B1
27842,T0
27842,A0
28426,B0
30842,R
32609,T1
35558,B1
35567,B0
35574,B1
35591,A1
36405,T0
36405,A0
36575,B0
39405,R
14551,T1
17532,B1
17532,A1
18349,T0
18349,A0
18553,B0
21349,R
30144,T1
33157,A1
33666,B1
33673,B0
33681,B1
33971,T0
33971,A0
34658,B0
36971,R
31376,T1
34389,A1
34469,B1
35174,T0
35174,A0
35464,B0
38174,R
23865,T1
26877,A1
27274,B1
27281,B0
27289,B1
27662,T0
27662,A0
28350,B0
30662,R
28973,T1
31955,A1
32172,B1
32180,B0
32187,B1
32770,A0
32777,T0
33282,B0
35770,R
28222,T1
31204,A1
31229,B1
31238,B0
31245,B1
32019,A0
32027,T0
32425,B0
35019,R
23866,T1
26878,A1
27487,B1
27496,B0
27504,B1
27662,T0
27662,A0
28504,B0
30662,R
28762,T1
31642,B1
31650,B0
31657,B1
31745,A1
32558,T0
32558,A0
32936,B0
35558,R
14942,T1
17954,A1
18213,B1
18221,B0
18228,B1
18769,T0
18769,A0
19282,B0
21769,R
d2000,w80,m100,s150,p3
27049,T1
28073,A1
28856,T0
28856,A0
31856,R
28129,T1
29123,A1
29937,T0
29937,A0
30481,B1
30488,B0
30495,B1
31478,B0
32937,R
31076,T1
32070,A1
32883,T0
32883,A0
32907,B1
33724,B0
35883,R
29935,T1
30959,A1
31612,B1
31743,T0
31743,A0
32346,B0
34743,R
29664,T1
30688,A1
31200,B1
31473,T0
31473,A0
31914,B0
34473,R
33329,T1
34323,A1
34997,B1
35107,T0
35107,A0
35675,B0
38107,R
30566,T1
31560,A1
32309,B1
32318,B0
32325,B1
32374,T0
32374,A0
33169,B0
35374,R
32127,T1
33121,A1
33935,T0
33935,A0
34034,B1
34042,B0
34050,B1
34860,B0
36935,R
34471,T1
35465,A1
36279,T0
36279,A0
36294,B1
37129,B0
39279,R
20530,T1
21555,A1
22338,T0
22338,A0
23227,B1
23235,B0
23242,B1
23983,B0
25338,R
25277,T1
26301,A1
26808,B1
27086,T0
27086,A0
27542,B0
30086,R
34140,T1
35165,A1
35777,B1
35949,T0
35949,A0
36575,B0
38949,R
22513,T1
23537,A1
24321,T0
24321,A0
24335,B1
25273,B0
27321,R
33209,T1
34203,A1
34950,B1
35017,T0
35017,A0
35682,B0
38017,R
28012,T1
29006,A1
29789,T0
29789,A0
29932,B1
30931,B0
32789,R
24286,T1
25280,A1
26051,B1
26059,B0
26066,B1
26094,T0
26094,A0
26952,B0
29094,R
34231,T1
35225,A1
35893,B1
35901,B0
35908,B1
36039,T0
36039,A0
36610,B0
39039,R
26239,T1
27233,A1
28046,T0
28046,A0
28272,B1
28280,B0
28287,B1
29180,B0
31046,R
33120,T1
34114,A1
34927,T0
34927,A0
34942,B1
35800,B0
37927,R
25761,T1
26785,A1
27568,T0
27568,A0
30568,R
17857,T1
18881,A1
19664,T0
19664,A0
20044,B1
20051,B0
20059,B1
20944,B0
22664,R
29244,T1
30238,A1
31021,T0
31021,A0
31279,B1
31288,B0
31296,B1
32199,B0
34021,R
26269,T1
27293,A1
28008,B1
28017,B0
28024,B1
28077,T0
28077,A0
28959,B0
31077,R
29664,T1
30688,A1
31471,T0
31471,A0
31585,B1
31592,B0
31600,B1
32379,B0
34471,R
24347,T1
25341,A1
26154,T0
26154,A0
26277,B1
26286,B0
26293,B1
26994,B0
29154,R
34171,T1
35165,A1
35887,B1
35979,T0
35979,A0
36719,B0
38979,R
18878,T1
19902,A1
20685,T0
20685,A0
21005,B1
21012,B0
21020,B1
21659,B0
23685,R
20922,T1
21916,A1
22604,B1
22730,T0
22730,A0
23329,B0
25730,R
32308,T1
33302,A1
33622,B1
34117,T0
34117,A0
34519,B0
37117,R
26629,T1
27623,A1
28371,B1
28378,B0
28385,B1
28437,T0
28437,A0
29016,B0
31437,R
23294,T1
24289,A1
25052,B1
25059,B0
25067,B1
25102,T0
25102,A0
25828,B0
28102,R
26630,T1
27624,A1
28437,A0
28445,T0
28639,B1
28648,B0
28655,B1
29387,B0
31437,R
d2000,w80,m300,s300,p3
22105,T1
25104,A1
25900,T0
25900,A0
28900,R
19681,T1
22680,A1
23476,T0
23476,A0
26476,R
26730,T1
29729,A1
29965,B1
29973,B0
29980,B1
30557,T0
30557,A0
30978,B0
33557,R
28593,T1
31234,B1
31243,B0
31250,B1
31593,A1
32388,T0
32388,A0
32505,B0
35388,R
26762,T1
29744,B1
29752,B0
29759,B1
29759,A1
30559,T0
30559,A0
30945,B0
33559,R
14067,T1
17066,A1
17462,B1
17470,B0
17477,B1
17863,T0
17863,A0
18629,B0
20863,R
32652,T1
35651,A1
35701,B1
35710,B0
35717,B1
36449,A0
36456,T0
37118,B0
39449,R
31126,T1
34125,A1
34251,B1
34258,B0
34266,B1
34923,A0
34930,T0
35591,B0
37923,R
15134,T1
18133,A1
18209,B1
18218,B0
18226,B1
18931,T0
18931,A0
19393,B0
21931,R
30272,T1
33271,A1
33395,B1
33402,B0
33410,B1
34068,T0
34068,A0
34885,B0
37068,R
16966,T1
19965,A1
20491,B1
20499,B0
20506,B1
20762,T0
20762,A0
21950,B0
23762,R
21421,T1
24420,A1
24512,B1
24519,B0
24527,B1
25218,T0
25218,A0
25850,B0
28218,R
27495,T1
30494,A1
30806,B1
30815,B0
30823,B1
31291,A0
31298,T0
31823,B0
34291,R
14310,T1
17309,A1
18049,B1
18057,B0
18065,B1
18105,T0
18105,A0
19057,B0
21105,R
31859,T1
34858,A1
35177,B1
35185,B0
35192,B1
35655,T0
35655,A0
36371,B0
38655,R
21208,T1
24207,A1
24404,B1
24411,B0
24418,B1
25004,A0
25012,T0
25475,B0
28004,R
13243,T1
16242,A1
17038,T0
17038,A0
17119,B1
17127,B0
17134,B1
18143,B0
20038,R
20719,T1
23719,A1
23759,B1
23767,B0
23775,B1
24516,T0
24516,A0
24810,B0
27516,R
22429,T1
25428,A1
25751,B1
25758,B0
25766,B1
26225,T0
26225,A0
26836,B0
29225,R
23863,T1
26207,B1
26216,B0
26223,B1
26862,A1
27261,B0
27658,T0
27658,A0
30658,R
22367,T1
25366,A1
25878,B1
25887,B0
25894,B1
26163,T0
26163,A0
26932,B0
29163,R
15135,T1
18134,A1
18714,B1
18723,B0
18730,B1
18930,T0
18930,A0
19676,B0
21930,R
20781,T1
23780,A1
24141,B1
24148,B0
24156,B1
24577,T0
24577,A0
25188,B0
27577,R
18827,T1
21826,A1
22246,B1
22623,T0
22623,A0
23269,B0
25623,R
13517,T1
16516,A1
17058,B1
17343,T0
17343,A0
17974,B0
20343,R
27983,T1
30982,A1
31120,B1
31129,B0
31137,B1
31780,T0
31780,A0
32224,B0
34780,R
23222,T1
26221,A1
26387,B1
26396,B0
26403,B1
27049,T0
27049,A0
27457,B0
30049,R
22428,T1
25428,A1
25744,B1
25752,B0
25759,B1
26224,T0
26224,A0
26743,B0
29224,R
26213,T1
29213,A1
29586,B1
29594,B0
29601,B1
30009,T0
30009,A0
30590,B0
33009,R
18340,T1
21339,A1
22002,B1
22011,B0
22019,B1
22166,T0
22166,A0
23112,B0
25166,R
14982,T1
17981,A1
18208,B1
18216,B0
18223,B1
18778,T0
18778,A0
19273,B0
21778,R
22764,T1
25763,A1
25951,B1
25960,B0
25967,B1
26561,T0
26561,A0
27216,B0
29561,R
d2000,w80,m50,s150,p3
31062,T1
31574,A1
32388,T0
32388,A0
35388,R
20589,T1
21101,A1
21884,T0
21884,A0
22527,B1
23466,B0
24884,R
31732,B1
31741,B0
31748,B1
32746,B0
34262,T1
34774,A1
35588,T0
35588,A0
38588,R
24256,T1
24768,A1
25551,T0
25551,A0
26754,B1
26762,B0
26769,B1
27430,B0
28551,R
33220,B1
33228,B0
33235,B1
34142,B0
35464,T1
35976,A1
36789,T0
36789,A0
39789,R
23745,T1
24227,A1
25041,T0
25041,A0
25570,B1
25579,B0
25587,B1
26542,B0
28041,R
26269,T1
26781,A1
27564,T0
27564,A0
27784,B1
28518,B0
30564,R
22905,T1
23417,A1
24200,T0
24200,A0
24870,B1
24878,B0
24886,B1
25677,B0
27200,R
24586,T1
25069,A1
25882,T0
25882,A0
26154,B1
26161,B0
26169,B1
26956,B0
28882,R
18818,T1
19300,A1
20113,T0
20113,A0
20461,B1
20468,B0
20476,B1
21381,B0
23113,R
19841,B1
19849,B0
19856,B1
21125,B0
31468,T1
31950,A1
32764,T0
32764,A0
35764,R
22423,T1
22905,A1
23718,T0
23718,A0
24261,B1
25057,B0
26718,R
27586,B1
27594,B0
27601,B1
28489,B0
32279,T1
32791,A1
33575,T0
33575,A0
36575,R
35432,T1
35914,A1
36728,T0
36728,A0
37076,B1
37085,B0
37092,B1
37860,B0
39728,R
32638,T1
33151,A1
33964,T0
33964,A0
34328,B1
34336,B0
34343,B1
35269,B0
36964,R
21732,T1
22244,A1
23028,T0
23028,A0
23743,B1
23751,B0
23758,B1
24737,B0
26028,R
29774,B1
29781,B0
29789,B1
31110,B0
31557,T1
32069,A1
32853,T0
32853,A0
35853,R
32909,T1
33421,A1
34204,T0
34204,A0
35179,B1
35186,B0
35194,B1
36330,B0
37204,R
15813,T1
16295,A1
17109,T0
17109,A0
18023,B1
18827,B0
20109,R
24646,T1
25158,A1
25942,T0
25942,A0
26308,B1
27258,B0
28942,R
19659,T1
20171,A1
20954,T0
20954,A0
21422,B1
21431,B0
21438,B1
22317,B0
23954,R
19389,T1
19871,A1
20684,T0
20684,A0
21029,B1
21036,B0
21044,B1
21818,B0
23684,R
25068,B1
25076,B0
25083,B1
25820,B0
27922,T1
28435,A1
29248,T0
29248,A0
32248,R
22784,T1
23296,A1
24079,T0
24079,A0
24320,B1
25105,B0
27079,R
16655,T1
17167,A1
17950,T0
17950,A0
19182,B1
19190,B0
19197,B1
20214,B0
20950,R
22449,B1
22458,B0
22465,B1
23276,B0
33151,T1
33663,A1
34476,T0
34476,A0
37476,R
24946,B1
25690,B0
33271,T1
33783,A1
34596,T0
34596,A0
37596,R
18007,T1
18489,A1
19302,A0
19309,T0
19824,B1
20513,B0
22302,R
25414,B1
25422,B0
25429,B1
26469,B0
34773,T1
35255,A1
36068,T0
36068,A0
39068,R
27373,B1
27381,B0
27388,B1
28313,B0
30296,T1
30778,A1
31591,T0
31591,A0
34591,R
22844,T1
23356,A1
24170,T0
24170,A0
24930,B1
25832,B0
27170,R
d2000,w80,m100,s300,p3
17465,T1
18444,A1
19270,T0
19270,A0
22270,R
21116,T1
22126,A1
22922,T0
22922,A0
23240,B1
23247,B0
23255,B1
24143,B0
25922,R
34148,T1
35158,A1
35855,B1
35862,B0
35870,B1
35954,T0
35954,A0
36613,B0
38954,R
31921,T1
32900,A1
33650,B1
33696,T0
33696,A0
34489,B0
36696,R
34240,T1
35250,A1
36046,T0
36046,A0
36060,B1
36798,B0
39046,R
22673,T1
23683,A1
24479,T0
24479,A0
27479,R
30240,T1
31250,A1
31830,B1
32046,A0
32054,T0
32668,B0
35046,R
31921,T1
32930,A1
33726,T0
33726,A0
33741,B1
34681,B0
36726,R
27160,T1
28170,A1
28898,B1
28966,A0
28973,T0
29747,B0
31966,R
29845,T1
30824,A1
31509,B1
31620,T0
31620,A0
32565,B0
34620,R
26946,T1
27926,A1
28703,B1
28752,T0
28752,A0
29513,B0
31752,R
29937,T1
30916,A1
31491,B1
31743,T0
31743,A0
32321,B0
34743,R
21666,T1
22676,A1
23472,T0
23472,A0
23501,B1
23510,B0
23517,B1
24304,B0
26472,R
17913,T1
18922,A1
19679,B1
19718,T0
19718,A0
20633,B0
22718,R
23040,T1
24050,A1
24472,B1
24480,B0
24487,B1
24847,T0
24847,A0
25273,B0
27847,R
25511,T1
26521,A1
27134,B1
27317,T0
27317,A0
28051,B0
30317,R
18585,T1
19564,A1
20390,T0
20390,A0
21002,B1
21010,B0
21018,B1
21877,B0
23390,R
16295,T1
17305,A1
18065,B1
18101,T0
18101,A0
18808,B0
21101,R
24596,T1
25606,A1
26274,B1
26402,T0
26402,A0
27266,B0
29402,R
15563,T1
16573,A1
17368,T0
17368,A0
17780,B1
18596,B0
20368,R
16936,T1
17946,A1
18721,B1
18729,B0
18736,B1
18736,T0
18736,A0
19833,B0
21736,R
19780,T1
20790,A1
21246,B1
21587,T0
21587,A0
22250,B0
24587,R
30532,B1
30541,B0
30549,B1
30791,T1
31573,B0
31770,A1
32566,A0
32573,T0
35566,R
29967,T1
30977,A1
31664,B1
31673,B0
31680,B1
31773,T0
31773,A0
32538,B0
34773,R
27984,T1
28963,A1
29637,B1
29645,B0
29652,B1
29759,T0
29759,A0
30647,B0
32759,R
33996,T1
35006,A1
35572,B1
35579,B0
35587,B1
35802,T0
35802,A0
36694,B0
38802,R
21666,T1
22676,A1
23472,T0
23472,A0
23704,B1
23712,B0
23719,B1
24922,B0
26472,R
22307,T1
23286,A1
23933,B1
23940,B0
23947,B1
24113,T0
24113,A0
24906,B0
27113,R
32012,T1
32992,A1
33778,B1
33787,T0
33787,A0
34704,B0
36787,R
24474,T1
25454,A1
26280,T0
26280,A0
26361,B1
26369,B0
26376,B1
27238,B0
29280,R
21727,T1
22737,A1
23263,B1
23534,A0
23541,T0
24225,B0
26534,R
29326,T1
30305,A1
30997,B1
31132,T0
31132,A0
31676,B0
34132,R
d2000,w80,m50,s300,p3
21818,T1
22307,A1
23103,T0
23103,A0
26103,R
28257,T1
28747,A1
29542,T0
29542,A0
29719,B1
30473,B0
32542,R
22979,T1
23499,A1
24295,A0
24302,T0
24587,B1
25437,B0
27295,R
24171,B1
24179,B0
24186,B1
24922,B0
30883,T1
31403,A1
32199,T0
32199,A0
35199,R
28135,T1
28625,A1
29420,T0
29420,A0
29729,B1
30551,B0
32420,R
30853,T1
31322,B1
31342,A1
32140,T0
32140,A0
32210,B0
35140,R
32195,T1
32244,B1
32685,A1
33179,B0
33512,T0
33512,A0
36512,R
31218,T1
31708,A1
32503,T0
32503,A0
33180,B1
34249,B0
35503,R
22247,T1
22736,A1
23532,T0
23532,A0
24606,B1
25558,B0
26532,R
34332,T1
34852,A1
35648,T0
35648,A0
36527,B1
37723,B0
38648,R
25664,T1
26154,A1
26949,T0
26949,A0
28678,B1
28686,B0
28693,B1
29564,B0
29949,R
35461,T1
35951,A1
36777,T0
36777,A0
37216,B1
38112,B0
39777,R
20537,T1
21058,A1
21853,T0
21853,A0
22723,B1
23717,B0
24853,R
21270,T1
21759,A1
22555,T0
22555,A0
22916,B1
23983,B0
25555,R
22765,T1
23255,A1
24081,T0
24081,A0
24339,B1
24347,B0
24355,B1
25208,B0
27081,R
24413,T1
24903,A1
25698,T0
25698,A0
26063,B1
26071,B0
26079,B1
26835,B0
28698,R
4492,B1
4499,B0
4505,B1
4754,B0
25666,B1
26855,B0
30976,T1
31466,A1
32262,A0
32269,T0
35262,R
33385,T1
33875,A1
34670,T0
34670,A0
35184,B1
35193,B0
35201,B1
35955,B0
37670,R
27740,T1
28229,A1
29025,T0
29025,A0
29346,B1
29353,B0
29361,B1
30305,B0
32025,R
357,B1
363,B0
369,B1
1632,B0
21240,T1
21729,A1
22525,T0
22525,A0
22897,B1
23711,B0
25525,R
31958,B1
31965,B0
31973,B1
32804,B0
33294,T1
33784,A1
34580,T0
34580,A0
37580,R
17943,T1
18463,A1
19259,T0
19259,A0
20676,B1
20683,B0
20691,B1
21846,B0
22259,R
21880,T1
22369,A1
23196,T0
23196,A0
23477,B1
23487,B0
23494,B1
24425,B0
26196,R
26539,B1
26547,B0
26554,B1
27547,B0
33935,T1
34424,A1
35220,T0
35220,A0
38220,R
19469,T1
19958,A1
20784,T0
20784,A0
21932,B1
21940,B0
21948,B1
22828,B0
23784,R
22033,T1
22523,A1
23318,T0
23318,A0
23894,B1
24950,B0
26318,R
24658,T1
25147,A1
25974,T0
25974,A0
26326,B1
26333,B0
26341,B1
27153,B0
28974,R
28563,T1
29053,A1
29879,T0
29879,A0
30083,B1
30937,B0
32879,R
30937,B1
30945,B0
30952,B1
32237,B0
34637,T1
35158,A1
35953,T0
35953,A0
38953,R
23742,T1
24262,A1
25058,A0
25065,T0
25376,B1
25383,B0
25391,B1
26260,B0
28058,R
16967,T1
17456,A1
18252,T0
18252,A0
19110,B1
19117,B0
19125,B1
20095,B0
21252,R
d2000,w80,m150,s300,p3
15959,T1
17459,A1
18254,T0
18254,A0
21254,R
21391,T1
22890,A1
23686,T0
23686,A0
26686,R
31888,T1
33387,A1
34183,A0
34190,T0
37183,R
19834,T1
21334,A1
21384,B1
21391,B0
21398,B1
22131,T0
22131,A0
22724,B0
25131,R
26763,T1
28263,A1
28839,B1
28846,B0
28854,B1
29059,T0
29059,A0
29668,B0
32059,R
18431,T1
19931,A1
20503,B1
20510,B0
20518,B1
20727,T0
20727,A0
21290,B0
23727,R
20324,T1
21823,A1
22130,B1
22137,B0
22145,B1
22620,T0
22620,A0
23011,B0
25620,R
18065,T1
19564,A1
19969,B1
19978,B0
19985,B1
20361,T0
20361,A0
20853,B0
23361,R
15715,T1
17215,A1
17665,B1
17672,B0
17680,B1
18012,T0
18012,A0
18600,B0
21012,R
31615,T1
33114,A1
33271,B1
33279,B0
33286,B1
33911,T0
33911,A0
34216,B0
36911,R
24352,T1
25852,A1
26466,B1
26475,B0
26482,B1
26648,A0
26656,T0
27743,B0
29648,R
33721,T1
35220,A1
35720,B1
35729,B0
35737,B1
36017,T0
36017,A0
36746,B0
39017,R
23711,T1
25210,A1
26006,A0
26013,T0
26072,B1
26081,B0
26089,B1
27062,B0
29006,R
34453,T1
35953,A1
36432,B1
36750,T0
36750,A0
37579,B0
39750,R
28593,T1
30093,A1
30589,B1
30597,B0
30604,B1
30890,T0
30890,A0
31787,B0
33890,R
34575,T1
36074,A1
36547,B1
36555,B0
36562,B1
36871,A0
36878,T0
37519,B0
39871,R
23222,T1
24722,A1
25518,T0
25518,A0
26005,B1
26013,B0
26020,B1
27137,B0
28518,R
33354,T1
34854,A1
35268,B1
35277,B0
35284,B1
35651,T0
35651,A0
36237,B0
38651,R
18767,T1
20266,A1
21062,T0
21062,A0
22370,B1
22378,B0
22385,B1
23120,B0
24062,R
28533,T1
30032,A1
30486,B1
30494,B0
30501,B1
30829,T0
30829,A0
31428,B0
33829,R
16112,T1
17611,A1
18407,T0
18407,A0
18657,B1
18665,B0
18672,B1
19621,B0
21407,R
15166,T1
16665,A1
17384,B1
17392,B0
17399,B1
17492,T0
17492,A0
18204,B0
20492,R
32470,T1
33969,A1
34646,B1
34654,B0
34662,B1
34765,T0
34765,A0
35522,B0
37765,R
16997,T1
18527,A1
19038,B1
19045,B0
19053,B1
19324,T0
19324,A0
20007,B0
22324,R
20079,T1
21579,A1
21936,B1
21944,B0
21952,B1
22406,T0
22406,A0
22872,B0
25406,R
29174,T1
30673,A1
31260,B1
31268,B0
31275,B1
31470,T0
31470,A0
32287,B0
34470,R
31218,T1
32717,A1
33425,B1
33432,B0
33440,B1
33514,T0
33514,A0
34578,B0
36514,R
28197,T1
29696,A1
30087,B1
30096,B0
30103,B1
30493,T0
30493,A0
31158,B0
33493,R
34209,T1
35708,A1
35922,B1
35931,B0
35939,B1
36506,T0
36506,A0
37059,B0
39506,R
22612,T1
24111,A1
24566,B1
24575,B0
24582,B1
24908,T0
24908,A0
25623,B0
27908,R
32103,T1
33603,A1
34189,B1
34196,B0
34204,B1
34399,T0
34399,A0
35132,B0
37399,R
18187,T1
19687,A1
20513,T0
20513,A0
20773,B1
20782,B0
20790,B1
22149,B0
23513,R
16051,T1
17550,A1
18053,B1
18061,B0
18069,B1
18347,T0
18347,A0
18906,B0
21347,R
d2000,w80,m100,s300,p3
18309,T1
19288,A1
20115,T0
20115,A0
23115,R
24381,T1
25391,A1
26186,T0
26186,A0
29186,R
32499,T1
33509,A1
34183,B1
34305,T0
34305,A0
34975,B0
37305,R
24474,T1
25484,A1
26122,B1
26131,B0
26139,B1
26280,T0
26280,A0
27016,B0
29280,R
22765,T1
23775,A1
24570,A0
24578,T0
24949,B1
24957,B0
24964,B1
25978,B0
27570,R
26824,T1
27834,A1
28557,B1
28564,B0
28571,B1
28630,T0
28630,A0
29381,B0
31630,R
31066,T1
32045,A1
32650,B1
32842,T0
32842,A0
33644,B0
35842,R
33152,B1
33159,B0
33167,B1
34301,T1
34649,B0
35280,A1
36076,T0
36076,A0
39076,R
30333,T1
31343,A1
31993,B1
32002,B0
32010,B1
32139,A0
32147,T0
32812,B0
35139,R
31890,T1
32900,A1
33696,T0
33696,A0
33711,B1
34640,B0
36696,R
34209,T1
35219,A1
35810,B1
35818,B0
35826,B1
36015,T0
36015,A0
36612,B0
39015,R
16631,T1
17641,A1
18437,T0
18437,A0
21437,R
17149,T1
18158,A1
18954,T0
18954,A0
19195,B1
19204,B0
19212,B1
20116,B0
21954,R
23131,T1
24141,A1
24858,B1
24865,B0
24873,B1
24937,T0
24937,A0
25703,B0
27937,R
21239,T1
22249,A1
23045,T0
23045,A0
23225,B1
23232,B0
23240,B1
24205,B0
26045,R
16295,T1
17305,A1
18101,T0
18101,A0
18507,B1
18515,B0
18522,B1
19203,B0
21101,R
27556,T1
28535,A1
29273,B1
29362,T0
29362,A0
30343,B0
32362,R
21972,T1
22981,A1
23658,B1
23667,B0
23675,B1
23778,T0
23778,A0
24810,B0
26778,R
22123,T1
23103,A1
23833,B1
23840,B0
23848,B1
23930,T0
23930,A0
24915,B0
26930,R
26060,T1
27070,A1
27775,B1
27784,B0
27791,B1
27867,T0
27867,A0
28704,B0
30867,R
16936,T1
17915,A1
18741,T0
18741,A0
19495,B1
19502,B0
19510,B1
20672,B0
21741,R
18340,T1
19350,A1
20087,B1
20094,B0
20102,B1
20146,T0
20146,A0
21044,B0
23146,R
20933,T1
21943,A1
22715,B1
22723,B0
22730,B1
22739,T0
22739,A0
23645,B0
25739,R
18493,T1
19472,A1
20153,B1
20160,B0
20168,B1
20299,T0
20299,A0
21146,B0
23299,R
25176,T1
26185,A1
26784,B1
26791,B0
26799,B1
26982,T0
26982,A0
27972,B0
29982,R
30638,T1
31648,A1
32157,B1
32166,B0
32174,B1
32445,T0
32445,A0
33167,B0
35445,R
34453,T1
35432,A1
36125,B1
36132,B0
36140,B1
36229,A0
36236,T0
37011,B0
39229,R
20445,T1
21455,A1
22251,T0
22251,A0
22313,B1
22322,B0
22329,B1
23119,B0
25251,R
25084,T1
26094,A1
26556,B1
26891,A0
26898,T0
27427,B0
29891,R
22765,T1
23774,A1
24528,B1
24535,B0
24543,B1
24570,T0
24570,A0
25733,B0
27570,R
33843,T1
34823,A1
35584,B1
35591,B0
35599,B1
35649,T0
35649,A0
36647,B0
38649,R
34423,T1
35433,A1
35962,B1
35969,B0
35977,B1
36230,T0
36230,A0
36790,B0
39230,R
17576,T1
18586,A1
19382,T0
19382,A0
19813,B1
19821,B0
19828,B1
20679,B0
22382,R
d2000,w80,m250,s300,p3
15013,T1
17522,A1
18318,T0
18318,A0
21318,R
26608,T1
29087,A1
29913,T0
29913,A0
30052,B1
30060,B0
30067,B1
31263,B0
32913,R
16875,T1
19384,A1
19446,B1
19455,B0
19462,B1
20182,T0
20182,A0
20588,B0
23182,R
23344,T1
25823,A1
25846,B1
25855,B0
25862,B1
26621,A0
26628,T0
26819,B0
29621,R
24717,T1
27196,A1
27325,B1
27334,B0
27341,B1
28024,T0
28024,A0
28392,B0
31024,R
23009,T1
25488,A1
25683,B1
25690,B0
25698,B1
26316,T0
26316,A0
26767,B0
29316,R
19407,T1
21573,B1
21580,B0
21588,B1
21917,A1
22713,T0
22713,A0
22731,B0
25713,R
27189,T1
29699,A1
30028,B1
30038,B0
30045,B1
30496,T0
30496,A0
31114,B0
33496,R
29417,T1
31896,A1
32162,B1
32169,B0
32177,B1
32724,T0
32724,A0
33311,B0
35724,R
31737,T1
34246,A1
34562,B1
34570,B0
34577,B1
35043,T0
35043,A0
35723,B0
38043,R
16600,T1
19109,A1
19661,B1
19905,T0
19905,A0
20704,B0
22905,R
31218,T1
33728,A1
33800,B1
33808,B0
33815,B1
34525,T0
34525,A0
35120,B0
37525,R
29021,T1
31500,A1
31696,B1
31705,B0
31713,B1
32297,A0
32305,T0
33035,B0
35297,R
30760,T1
33270,A1
33335,B1
33344,B0
33351,B1
34067,T0
34067,A0
34555,B0
37067,R
32958,T1
35414,B1
35422,B0
35429,B1
35468,A1
36264,T0
36264,A0
36502,B0
39264,R
27311,T1
29821,A1
29898,B1
30618,T0
30618,A0
30966,B0
33618,R
20750,T1
23260,A1
23290,B1
23299,B0
23306,B1
24058,T0
24058,A0
24472,B0
27058,R
33323,T1
35802,A1
36113,B1
36120,B0
36128,B1
36630,T0
36630,A0
37272,B0
39630,R
20414,T1
22924,A1
23405,B1
23412,B0
23420,B1
23720,T0
23720,A0
24599,B0
26720,R
14128,T1
16607,A1
16803,B1
16812,B0
16819,B1
17404,A0
17412,T0
17839,B0
20404,R
20629,T1
23138,A1
23280,B1
23288,B0
23295,B1
23935,T0
23935,A0
24304,B0
26935,R
19927,T1
22436,A1
22717,B1
22725,B0
22732,B1
23233,T0
23233,A0
23880,B0
26233,R
33599,T1
36108,A1
36240,B1
36248,B0
36255,B1
36905,T0
36905,A0
37341,B0
39905,R
25573,T1
28082,A1
28156,B1
28165,B0
28172,B1
28880,T0
28880,A0
29364,B0
31880,R
27067,T1
29577,A1
29712,B1
29719,B0
29727,B1
30374,T0
30374,A0
30835,B0
33374,R
16997,T1
19475,A1
20092,B1
20101,B0
20108,B1
20272,A0
20279,T0
21249,B0
23272,R
17179,T1
19689,A1
19829,B1
19836,B0
19844,B1
20486,A0
20494,T0
21054,B0
23486,R
31981,T1
34491,A1
34671,B1
34678,B0
34685,B1
35288,T0
35288,A0
35589,B0
38288,R
27220,T1
29730,A1
30052,B1
30061,B0
30068,B1
30527,T0
30527,A0
31188,B0
33527,R
21086,T1
23595,A1
24107,B1
24116,B0
24123,B1
24392,A0
24399,T0
25328,B0
27392,R
26029,T1
28539,A1
28708,B1
28716,B0
28723,B1
29336,T0
29336,A0
30157,B0
32336,R
d2000,w80,m150,s300,p3
27006,T1
28506,A1
29301,T0
29301,A0
32301,R
22703,T1
24202,A1
24896,B1
24903,B0
24910,B1
24999,T0
24999,A0
25844,B0
27999,R
21727,T1
23226,A1
23728,B1
23737,B0
23744,B1
24023,T0
24023,A0
24939,B0
27023,R
32775,T1
34274,A1
34874,B1
34883,B0
34890,B1
35070,T0
35070,A0
35860,B0
38070,R
26580,T1
28079,A1
28875,T0
28875,A0
28989,B1
28997,B0
29004,B1
29953,B0
31875,R
24810,T1
26309,A1
26688,B1
26696,B0
26703,B1
27106,T0
27106,A0
27628,B0
30106,R
22643,T1
24142,A1
24372,B1
24380,B0
24387,B1
24939,T0
24939,A0
25324,B0
27939,R
23375,T1
24875,A1
25346,B1
25354,B0
25361,B1
25672,T0
25672,A0
26210,B0
28672,R
31309,T1
32809,A1
33150,B1
33606,T0
33606,A0
34037,B0
36606,R
32714,T1
34213,A1
34985,B1
35009,T0
35009,A0
35802,B0
38009,R
27159,T1
28659,A1
29047,B1
29056,B0
29064,B1
29456,T0
29456,A0
30040,B0
32456,R
20842,T1
22341,A1
23137,T0
23137,A0
23170,B1
23179,B0
23186,B1
23913,B0
26137,R
30638,T1
32138,A1
32511,B1
32935,T0
32935,A0
33571,B0
35935,R
25969,T1
27468,A1
27956,B1
28265,T0
28265,A0
28985,B0
31265,R
18981,T1
20480,A1
21306,T0
21306,A0
21593,B1
21600,B0
21608,B1
22541,B0
24306,R
19744,T1
21274,A1
21578,B1
22071,T0
22071,A0
22583,B0
25071,R
28197,T1
29697,A1
30163,B1
30493,T0
30493,A0
31069,B0
33493,R
24169,T1
25668,A1
26464,A0
26471,T0
26484,B1
27817,B0
29464,R
26122,T1
27621,A1
27974,B1
27981,B0
27989,B1
28418,T0
28418,A0
28957,B0
31418,R
32195,T1
33725,A1
34197,B1
34205,B0
34212,B1
34522,T0
34522,A0
35315,B0
37522,R
24260,T1
25760,A1
26382,B1
26390,B0
26397,B1
26556,T0
26556,A0
27445,B0
29556,R
24107,T1
25607,A1
26083,B1
26092,B0
26099,B1
26404,T0
26404,A0
27151,B0
29404,R
25480,T1
26980,A1
27409,B1
27418,B0
27425,B1
27777,T0
27777,A0
28625,B0
30777,R
32835,T1
34335,A1
34635,B1
34643,B0
34650,B1
35132,T0
35132,A0
35817,B0
38132,R
22643,T1
24142,A1
24811,B1
24820,B0
24827,B1
24938,T0
24938,A0
25991,B0
27938,R
31249,T1
32749,A1
33008,B1
33016,B0
33024,B1
33577,T0
33577,A0
33995,B0
36577,R
26671,T1
28170,A1
28956,B1
28964,B0
28971,B1
28997,A0
29004,T0
30095,B0
31997,R
21879,T1
23379,A1
24182,B1
24189,B0
24197,B1
24205,T0
24205,A0
25508,B0
27205,R
20354,T1
21854,A1
22284,B1
22293,B0
22300,B1
22681,T0
22681,A0
23450,B0
25681,R
34637,T1
36136,A1
36805,B1
36932,A0
36940,T0
37939,B0
39932,R
16478,T1
17978,A1
18652,B1
18661,B0
18668,B1
18774,A0
18781,T0
19562,B0
21774,R
