d2000,w80,m200,s150,p3
30025,T1
32043,A1
32826,T0
32826,A0
35826,R
15813,T1
17801,A1
18614,T0
18614,A0
21614,R
27348,T1
29366,A1
30149,T0
30149,A0
33149,R
19478,T1
21496,A1
21779,B1
22281,T0
22281,A0
23043,B0
25281,R
24766,T1
26784,A1
26953,B1
26962,B0
26969,B1
27569,T0
27569,A0
27584,B0
30569,R
15783,T1
17802,A1
18008,B1
18587,T0
18587,A0
18866,B0
21587,R
32067,T1
34055,A1
34119,B1
34871,T0
34871,A0
35095,B0
37871,R
22062,T1
24050,A1
24376,B1
24865,T0
24865,A0
25075,B0
27865,R
19959,T1
21770,B1
21948,A1
22761,T0
22761,A0
22793,B0
25761,R
16084,T1
18102,A1
18514,B1
18886,A0
18894,T0
19268,B0
21886,R
16775,T1
18763,A1
18928,B1
19578,T0
19578,A0
19843,B0
22578,R
32008,T1
33996,A1
34171,B1
34811,T0
34811,A0
34842,B0
37811,R
32638,T1
34657,A1
35048,B1
35441,T0
35441,A0
35809,B0
38441,R
16654,T1
18673,A1
19456,T0
19456,A0
19539,B1
19548,B0
19555,B1
19980,B0
22456,R
33840,T1
35683,B1
35859,A1
36482,B0
36642,T0
36642,A0
39642,R
22874,T1
24862,A1
25124,B1
25677,T0
25677,A0
26001,B0
28677,R
27861,T1
29681,B1
29690,B0
29698,B1
29850,A1
30310,B0
30663,T0
30663,A0
33663,R
14671,T1
16690,A1
17311,B1
17320,B0
17328,B1
17473,T0
17473,A0
17980,B0
20473,R
18187,T1
20205,A1
20521,B1
20990,A0
20997,T0
21417,B0
23990,R
33600,T1
35588,A1
35621,B1
36403,T0
36403,A0
36551,B0
39403,R
17226,T1
19214,A1
19773,B1
20028,T0
20028,A0
20746,B0
23028,R
26629,T1
28618,A1
28863,B1
29433,T0
29433,A0
29641,B0
32433,R
21671,T1
23659,A1
23920,B1
24475,T0
24475,A0
25045,B0
27475,R
16864,T1
18852,A1
19302,B1
19667,T0
19667,A0
20034,B0
22667,R
23835,T1
25823,A1
26043,B1
26638,T0
26638,A0
27156,B0
29638,R
27771,T1
29554,B1
29790,A1
30423,B0
30573,A0
30580,T0
33573,R
26509,T1
28528,A1
28857,B1
28865,B0
28872,B1
29312,A0
29320,T0
29560,B0
32312,R
28252,T1
30033,B1
30240,A1
31037,B0
31054,T0
31054,A0
34054,R
21341,T1
23329,A1
23790,B1
24144,A0
24151,T0
24820,B0
27144,R
22573,T1
24561,A1
24849,B1
24858,B0
24865,B1
25376,A0
25383,T0
25642,B0
28376,R
25157,T1
27176,A1
27324,B1
27961,T0
27961,A0
28322,B0
30961,R
20500,T1
22518,A1
22710,B1
23303,T0
23303,A0
23825,B0
26303,R
19238,T1
21256,A1
21435,B1
22041,T0
22041,A0
22480,B0
25041,R
21492,T1
23480,A1
23701,B1
24295,A0
24302,T0
24538,B0
27295,R
25217,T1
27236,A1
27699,B1
28020,T0
28020,A0
28793,B0
31020,R
31857,T1
33845,A1
34123,B1
34660,T0
34660,A0
35119,B0
37660,R
29424,T1
31412,A1
31487,B1
32227,T0
32227,A0
32578,B0
35227,R
29754,T1
31772,A1
32259,B1
32557,T0
32557,A0
33191,B0
35557,R
16083,T1
18101,A1
18464,B1
18886,T0
18886,A0
19481,B0
21886,R
20320,T1
22308,A1
22580,B1
23123,T0
23123,A0
23521,B0
26123,R
31647,T1
33635,A1
33804,B1
34450,T0
34450,A0
34802,B0
37450,R
15422,T1
17441,A1
17850,B1
18225,T0
18225,A0
19006,B0
21225,R
26810,T1
28798,A1
29097,B1
29613,T0
29613,A0
30143,B0
32613,R
16714,T1
18732,A1
19516,T0
19516,A0
19538,B1
20324,B0
22516,R
14881,T1
16870,A1
17217,B1
17684,T0
17684,A0
19315,B0
20684,R
28793,T1
30781,A1
31211,B1
31596,T0
31596,A0
31868,B0
34596,R
23684,T1
25703,A1
25969,B1
26488,T0
26488,A0
26913,B0
29488,R
29633,T1
31622,A1
32264,B1
32436,T0
32436,A0
33276,B0
35436,R
15242,T1
17230,A1
18043,T0
18043,A0
18170,B1
18179,B0
18186,B1
19110,B0
21043,R
34171,T1
36114,B1
36190,A1
36869,B0
36973,T0
36973,A0
39973,R
14431,T1
16419,A1
17232,A0
17240,T0
17296,B1
18406,B0
20232,R
21342,T1
23330,A1
23596,B1
24145,T0
24145,A0
24394,B0
27145,R
32969,T1
34957,A1
35276,B1
35772,T0
35772,A0
36317,B0
38772,R
22904,T1
24892,A1
25386,B1
25706,T0
25706,A0
26301,B0
28706,R
24556,T1
26544,A1
26873,B1
27359,T0
27359,A0
27794,B0
30359,R
24286,T1
26304,A1
26867,B1
27088,T0
27088,A0
27574,B0
30088,R
15633,T1
17621,A1
18435,T0
18435,A0
21435,R
32724,T1
34630,B1
34712,A1
35399,B0
35526,T0
35526,A0
38526,R
31496,T1
33515,A1
33878,B1
33887,B0
33894,B1
34299,T0
34299,A0
34408,B0
37299,R
22543,T1
24532,A1
25178,B1
25346,T0
25346,A0
26416,B0
28346,R
31406,T1
33424,A1
33713,B1
34209,T0
34209,A0
34868,B0
37209,R
32879,T1
34867,A1
35229,B1
35682,T0
35682,A0
36077,B0
38682,R
24616,T1
26604,A1
26958,B1
27419,T0
27419,A0
27748,B0
30419,R
27110,T1
29098,A1
29911,T0
29911,A0
30041,B1
30050,B0
30058,B1
31052,B0
32911,R
d2000,w80,m150,s150,p3
21094,T1
22570,A1
23383,T0
23383,A0
26383,R
31914,T1
33420,A1
34233,T0
34233,A0
37233,R
25215,T1
26721,A1
27504,T0
27504,A0
30504,R
17405,T1
18881,A1
19694,T0
19694,A0
22694,R
28910,T1
30386,A1
31199,T0
31199,A0
34199,R
27949,T1
29455,A1
30238,T0
30238,A0
33238,R
20619,T1
22095,A1
22908,T0
22908,A0
25908,R
31253,T1
32729,A1
33542,A0
33550,T0
36542,R
17525,T1
19031,A1
19815,T0
19815,A0
22815,R
24013,T1
25519,A1
26302,T0
26302,A0
29302,R
24284,T1
25790,A1
26603,T0
26603,A0
29603,R
20499,T1
22005,A1
22788,T0
22788,A0
25788,R
19778,T1
21284,A1
22067,T0
22067,A0
25067,R
33416,T1
34922,A1
35705,T0
35705,A0
38705,R
20979,T1
22486,A1
23269,A0
23276,T0
26269,R
19777,T1
21284,A1
22097,T0
22097,A0
25097,R
14731,T1
16237,A1
17020,T0
17020,A0
20020,R
21761,T1
23267,A1
24050,T0
24050,A0
27050,R
32304,T1
33810,A1
34593,T0
34593,A0
37593,R
18426,T1
19933,A1
20746,T0
20746,A0
23746,R
30051,T1
31557,A1
32371,T0
32371,A0
35371,R
25274,T1
26781,A1
27594,T0
27594,A0
30594,R
28459,T1
29965,A1
30486,B1
30749,T0
30749,A0
31250,B0
33749,R
27921,T1
29428,A1
29911,B1
30212,T0
30212,A0
30679,B0
33212,R
15453,T1
16959,A1
17742,T0
17742,A0
17903,B1
18696,B0
20742,R
33780,T1
35286,A1
35510,B1
36071,T0
36071,A0
36283,B0
39071,R
19869,T1
21375,A1
22159,T0
22159,A0
22253,B1
23241,B0
25159,R
32698,T1
34205,A1
34490,B1
35019,T0
35019,A0
35274,B0
38019,R
34291,T1
35767,A1
36192,B1
36582,T0
36582,A0
36899,B0
39582,R
29574,T1
31080,A1
31374,B1
31865,T0
31865,A0
32114,B0
34865,R
25367,T1
26873,A1
27000,B1
27658,T0
27658,A0
27797,B0
30658,R
15753,T1
17229,A1
17955,B1
17964,B0
17971,B1
18043,T0
18043,A0
18475,B0
21043,R
34261,T1
35767,A1
36057,B1
36552,T0
36552,A0
36782,B0
39552,R
25307,T1
26813,A1
27487,B1
27597,T0
27597,A0
28188,B0
30597,R
26900,T1
28406,A1
28779,B1
29190,T0
29190,A0
29712,B0
32190,R
14792,T1
16298,A1
17111,T0
17111,A0
17267,B1
18092,B0
20111,R
32398,T1
33905,A1
34236,B1
34720,T0
34720,A0
35215,B0
37720,R
33960,T1
35466,A1
35730,B1
36251,A0
36258,T0
36572,B0
39251,R
16624,T1
18130,A1
18944,T0
18944,A0
19286,B1
19295,B0
19303,B1
19634,B0
21944,R
29754,T1
31260,A1
31694,B1
32074,T0
32074,A0
32504,B0
35074,R
18217,T1
19723,A1
20537,T0
20537,A0
20900,B1
22354,B0
23537,R
20229,T1
21736,A1
22519,A0
22526,T0
22557,B1
23553,B0
25519,R
23655,T1
25161,A1
25605,B1
25945,T0
25945,A0
26417,B0
28945,R
26720,T1
28226,A1
28599,B1
29010,T0
29010,A0
29330,B0
32010,R
22664,T1
24170,A1
24718,B1
24984,A0
24991,T0
25663,B0
27984,R
27080,T1
28586,A1
28722,B1
29401,T0
29401,A0
29643,B0
32401,R
14882,T1
16388,A1
17085,B1
17172,T0
17172,A0
17663,B0
20172,R
18637,T1
20113,A1
20575,B1
20928,T0
20928,A0
21359,B0
23928,R
26088,T1
27564,A1
27852,B1
28379,T0
28379,A0
28924,B0
31379,R
31767,T1
33273,A1
33477,B1
34058,T0
34058,A0
34362,B0
37058,R
23986,T1
25492,A1
26022,B1
26276,T0
26276,A0
26723,B0
29276,R
32548,T1
34054,A1
34418,B1
34869,T0
34869,A0
35257,B0
37869,R
26569,T1
28076,A1
28679,B1
28890,T0
28890,A0
30041,B0
31890,R
18877,T1
20384,A1
20875,B1
21168,T0
21168,A0
21718,B0
24168,R
21041,T1
22547,A1
23011,B1
23331,T0
23331,A0
24027,B0
26331,R
24376,T1
25882,A1
26403,B1
26666,T0
26666,A0
27320,B0
29666,R
22874,T1
24350,A1
24994,B1
25164,T0
25164,A0
25836,B0
28164,R
17856,T1
19362,A1
19950,B1
20176,T0
20176,A0
20754,B0
23176,R
27381,T1
28887,A1
29072,B1
29672,A0
29679,T0
29885,B0
32672,R
24466,T1
25972,A1
26313,B1
26757,T0
26757,A0
27304,B0
29757,R
26689,T1
28195,A1
28514,B1
28980,T0
28980,A0
29506,B0
31980,R
17946,T1
19452,A1
20074,B1
20236,T0
20236,A0
20728,B0
23236,R
29514,T1
31020,A1
31324,B1
31835,T0
31835,A0
32172,B0
34835,R
21521,T1
23028,A1
23641,B1
23812,T0
23812,A0
24453,B0
26812,R
24436,T1
25942,A1
26122,B1
26757,T0
26757,A0
27167,B0
29757,R
21432,T1
22938,A1
23259,B1
23722,T0
23722,A0
24121,B0
26722,R
24797,T1
26303,A1
26385,B1
27088,T0
27088,A0
27199,B0
30088,R
29514,T1
31020,A1
31250,B1
31259,B0
31266,B1
31835,A0
31843,T0
31943,B0
34835,R
19058,T1
20564,A1
20801,B1
21349,T0
21349,A0
21984,B0
24349,R
18788,T1
20294,A1
20752,B1
21108,T0
21108,A0
21860,B0
24108,R
24496,T1
26002,A1
26433,B1
26787,T0
26787,A0
27463,B0
29787,R
25217,T1
26723,A1
26842,B1
27508,T0
27508,A0
27686,B0
30508,R
21101,T1
22608,A1
23421,T0
23421,A0
23438,B1
24281,B0
26421,R
25998,T1
27505,A1
27678,B1
28290,T0
28290,A0
28402,B0
31290,R
32308,T1
33784,A1
34289,B1
34598,T0
34598,A0
35404,B0
37598,R
25878,T1
27384,A1
28034,B1
28168,T0
28168,A0
28825,B0
31168,R
31797,T1
33303,A1
33481,B1
34088,T0
34088,A0
34336,B0
37088,R
31587,T1
33093,A1
33410,B1
33419,B0
33426,B1
33908,T0
33908,A0
34151,B0
36908,R
22663,T1
24170,A1
24854,B1
24863,B0
24870,B1
24984,T0
24984,A0
25658,B0
27984,R
27440,T1
28946,A1
29179,B1
29761,T0
29761,A0
30025,B0
32761,R
33870,T1
35377,A1
35617,B1
36192,T0
36192,A0
36405,B0
39192,R
32878,T1
34385,A1
34940,B1
35169,T0
35169,A0
36314,B0
38169,R
d2000,w80,m50,s150,p3
25148,T1
25660,A1
26443,A0
26451,T0
29443,R
30021,T1
30534,A1
31317,T0
31317,A0
34317,R
24404,T1
24916,A1
25699,T0
25699,A0
28699,R
28129,T1
28641,A1
29424,T0
29424,A0
32424,R
25186,T1
25667,A1
26481,T0
26481,A0
29481,R
26477,T1
26989,A1
27772,A0
27779,T0
30772,R
34107,T1
34589,A1
35402,A0
35409,T0
38402,R
22752,T1
23264,A1
24047,T0
24047,A0
27047,R
34137,T1
34649,A1
35462,T0
35462,A0
38462,R
23263,T1
23775,A1
24588,T0
24588,A0
27588,R
20289,T1
20771,A1
21584,T0
21584,A0
24584,R
17886,T1
18368,A1
19181,T0
19181,A0
22181,R
20589,T1
21071,A1
21885,T0
21885,A0
24885,R
22692,T1
23204,A1
24017,T0
24017,A0
27017,R
30562,T1
31044,A1
31858,T0
31858,A0
34858,R
21640,T1
22122,A1
22935,T0
22935,A0
25935,R
19478,T1
19990,A1
20773,T0
20773,A0
23773,R
34467,T1
34980,A1
35793,T0
35793,A0
38793,R
22061,T1
22573,A1
23356,T0
23356,A0
23848,B1
23857,B0
23864,B1
24836,B0
26356,R
25278,T1
25790,A1
26034,B1
26042,B0
26049,B1
26605,T0
26605,A0
26873,B0
29605,R
18998,T1
19480,A1
20293,T0
20293,A0
20747,B1
21833,B0
23293,R
35403,T1
35915,A1
36729,T0
36729,A0
37189,B1
38344,B0
39729,R
25157,T1
25669,A1
26452,T0
26452,A0
27357,B1
28280,B0
29452,R
29634,T1
30147,A1
30930,T0
30930,A0
31279,B1
32296,B0
33930,R
26239,T1
26751,A1
27564,T0
27564,A0
27870,B1
28650,B0
30564,R
20260,T1
20742,A1
21556,T0
21556,A0
22437,B1
23788,B0
24556,R
19899,T1
20381,A1
21194,T0
21194,A0
22511,B1
22520,B0
22527,B1
23400,B0
24194,R
17135,T1
17648,A1
18461,T0
18461,A0
19172,B1
19181,B0
19189,B1
20044,B0
21461,R
28522,T1
29035,A1
29818,T0
29818,A0
30043,B1
30975,B0
32818,R
24887,T1
25369,A1
26182,T0
26182,A0
26428,B1
27548,B0
29182,R
23956,T1
24468,A1
25251,T0
25251,A0
25516,B1
26548,B0
28251,R
30506,T1
30988,A1
31801,T0
31801,A0
31987,B1
32607,B0
34801,R
30355,T1
30837,A1
31651,T0
31651,A0
31873,B1
32701,B0
34651,R
18787,T1
19300,A1
20083,T0
20083,A0
20541,B1
21284,B0
23083,R
22994,T1
23506,A1
24289,T0
24289,A0
24481,B1
25341,B0
27289,R
17106,T1
17588,A1
18401,T0
18401,A0
19098,B1
20213,B0
21401,R
22093,T1
22605,A1
23388,T0
23388,A0
23739,B1
24868,B0
26388,R
22664,T1
23146,A1
23944,B1
23952,B0
23959,B1
23959,T0
23959,A0
24598,B0
26959,R
19479,T1
19961,A1
20774,T0
20774,A0
20936,B1
21899,B0
23774,R
26098,B1
26809,B0
30581,B1
31550,B0
35284,T1
35796,A1
36610,T0
36610,A0
39610,R
23595,T1
24107,A1
24890,T0
24890,A0
25445,B1
26458,B0
27890,R
29935,T1
30417,A1
31230,T0
31230,A0
31443,B1
32233,B0
34230,R
23084,T1
23566,A1
24380,T0
24380,A0
24672,B1
25505,B0
27380,R
27861,T1
28373,A1
29157,T0
29157,A0
29715,B1
30677,B0
32157,R
24225,T1
24738,A1
25521,T0
25521,A0
26036,B1
27232,B0
28521,R
35342,T1
35824,A1
36638,T0
36638,A0
36844,B1
37563,B0
39638,R
17556,T1
18068,A1
18881,T0
18881,A0
19228,B1
19236,B0
19243,B1
20045,B0
21881,R
29364,T1
29876,A1
30659,B1
30690,T0
30690,A0
31567,B0
33690,R
27491,B1
28884,B0
30446,T1
30928,A1
31741,T0
31741,A0
34741,R
21852,T1
22334,A1
23148,T0
23148,A0
23732,B1
24527,B0
26148,R
22152,T1
22634,A1
23448,T0
23448,A0
26448,R
16774,T1
17256,A1
18069,T0
18069,A0
18553,B1
19176,B0
21069,R
31678,T1
32190,A1
33003,A0
33011,T0
33291,B1
34118,B0
36003,R
26209,T1
26691,A1
27504,T0
27504,A0
27775,B1
28913,B0
30504,R
29174,B1
29182,B0
29189,B1
29485,T1
29646,B0
29997,A1
30780,T0
30780,A0
33780,R
29519,B1
30429,B0
35614,T1
36096,A1
36910,T0
36910,A0
39910,R
30294,T1
30807,A1
31620,T0
31620,A0
32096,B1
33127,B0
34620,R
18697,T1
19210,A1
19993,T0
19993,A0
22993,R
22602,T1
23114,A1
23927,T0
23927,A0
24505,B1
25596,B0
26927,R
18517,T1
18999,A1
19813,T0
19813,A0
20068,B1
21302,B0
22813,R
20560,T1
21042,A1
21856,T0
21856,A0
24856,R
82,B1
88,B0
93,B1
1497,B0
29934,T1
30416,A1
31229,T0
31229,A0
34229,R
24404,T1
24886,A1
25700,T0
25700,A0
27834,B1
28700,R
434,B0
22813,T1
23325,A1
24108,T0
24108,A0
24465,B1
25202,B0
27108,R
34562,T1
35044,A1
35857,T0
35857,A0
36108,B1
36968,B0
38857,R
33029,T1
33511,A1
34325,T0
34325,A0
34678,B1
35505,B0
37325,R
18607,T1
19089,A1
19903,T0
19903,A0
22903,R
25936,T1
26448,A1
27231,T0
27231,A0
27819,B1
28562,B0
30231,R
33179,T1
33692,A1
34475,T0
34475,A0
34808,B1
35734,B0
37475,R
21191,T1
21703,A1
22487,A0
22494,T0
25016,B1
25487,R
171,B0
27131,B1
27138,B0
27146,B1
28031,B0
31887,T1
32400,A1
33183,T0
33183,A0
36183,R
25698,T1
26180,A1
26993,A0
27001,T0
27280,B1
28115,B0
29993,R
24406,T1
24919,A1
25702,A0
25709,T0
26018,B1
26806,B0
28702,R
19930,T1
20442,A1
21255,T0
21255,A0
21688,B1
21696,B0
21704,B1
22589,B0
24255,R
16805,T1
17287,A1
18100,T0
18100,A0
18739,B1
19512,B0
21100,R
25638,T1
26150,A1
26933,T0
26933,A0
27377,B1
28230,B0
29933,R
25819,T1
26331,A1
27114,T0
27114,A0
27401,B1
28346,B0
30114,R
34802,T1
35284,A1
36098,T0
36098,A0
36216,B1
36930,B0
39098,R
18878,T1
19360,A1
20173,T0
20173,A0
20842,B1
22227,B0
23173,R
19629,T1
20141,A1
20954,T0
20954,A0
21241,B1
22609,B0
23954,R
21973,T1
22455,A1
23268,T0
23268,A0
23681,B1
24395,B0
26268,R
24204,B1
25091,B0
29440,B1
30020,B0
34323,T1
34835,A1
35648,T0
35648,A0
36588,B1
37440,B0
38648,R
d2000,w80,m100,s300,p3
34731,T1
35741,A1
36537,T0
36537,A0
39537,R
23435,T1
24415,A1
25241,T0
25241,A0
28241,R
29111,T1
30121,A1
30916,T0
30916,A0
33916,R
32529,T1
33539,A1
34335,T0
34335,A0
37335,R
20872,T1
21882,A1
22677,T0
22677,A0
25677,R
27158,T1
28168,A1
28964,T0
28964,A0
31964,R
30240,T1
31250,A1
32046,T0
32046,A0
35046,R
21634,T1
22644,A1
23440,T0
23440,A0
26440,R
16539,T1
17518,A1
18314,T0
18314,A0
21314,R
18766,T1
19776,A1
20571,T0
20571,A0
23571,R
25084,T1
26063,A1
26858,T0
26858,A0
29858,R
15288,T1
16298,A1
17094,T0
17094,A0
20094,R
16508,T1
17518,A1
18313,T0
18313,A0
21313,R
25816,T1
26826,A1
27621,T0
27621,A0
30621,R
20719,T1
21699,A1
22387,B1
22526,T0
22526,A0
23172,B0
25526,R
18431,T1
19410,A1
20048,B1
20237,A0
20245,T0
20756,B0
23237,R
24993,T1
25972,A1
26639,B1
26799,T0
26799,A0
27306,B0
29799,R
17485,T1
18495,A1
19291,T0
19291,A0
19348,B1
20427,B0
22291,R
31798,T1
32808,A1
33403,B1
33604,A0
33612,T0
34526,B0
36604,R
33050,T1
34060,A1
34621,B1
34856,A0
34863,T0
35564,B0
37856,R
26671,T1
27681,A1
28266,B1
28477,T0
28477,A0
29222,B0
31477,R
28136,T1
29116,A1
29627,B1
29943,T0
29943,A0
30335,B0
32943,R
23436,T1
24446,A1
25242,T0
25242,A0
25296,B1
26247,B0
28242,R
19438,T1
20448,A1
21244,T0
21244,A0
21296,B1
22076,B0
24244,R
16783,T1
17793,A1
18589,T0
18589,A0
21589,R
17820,T1
18830,A1
19581,B1
19626,T0
19626,A0
20455,B0
22626,R
19011,T1
20021,A1
20639,B1
20817,T0
20817,A0
21608,B0
23817,R
28045,T1
29055,A1
29507,B1
29851,T0
29851,A0
30268,B0
32851,R
15410,T1
16420,A1
17216,T0
17216,A0
17936,B1
17945,B0
17952,B1
18747,B0
20216,R
16356,T1
17366,A1
18122,B1
18132,B0
18139,B1
18162,T0
18162,A0
18879,B0
21162,R
35155,T1
36134,A1
36792,B1
36961,T0
36961,A0
37703,B0
39961,R
33355,T1
34364,A1
35002,B1
35161,T0
35161,A0
35729,B0
38161,R
27953,T1
28963,A1
29523,B1
29759,T0
29759,A0
30227,B0
32759,R
30730,T1
31740,A1
32333,B1
32536,A0
32544,T0
33043,B0
35536,R
28014,T1
29024,A1
29545,B1
29821,T0
29821,A0
30629,B0
32821,R
22368,T1
23347,A1
24036,B1
24143,T0
24143,A0
25009,B0
27143,R
26733,T1
27712,A1
28276,B1
28508,T0
28508,A0
29104,B0
31508,R
18798,T1
19777,A1
20573,T0
20573,A0
20723,B1
21861,B0
23573,R
16814,T1
17823,A1
18619,T0
18619,A0
18634,B1
19416,B0
21619,R
33904,T1
34914,A1
35361,B1
35711,T0
35711,A0
36302,B0
38711,R
26824,T1
27803,A1
28465,B1
28599,T0
28599,A0
29188,B0
31599,R
24230,T1
25240,A1
25897,B1
26036,T0
26036,A0
26857,B0
29036,R
30059,T1
31069,A1
31640,B1
31865,T0
31865,A0
32496,B0
34865,R
26885,T1
27894,A1
28510,B1
28691,T0
28691,A0
29236,B0
31691,R
28502,T1
29481,A1
30021,B1
30308,T0
30308,A0
30751,B0
33308,R
17363,T1
18373,A1
19169,T0
19169,A0
19654,B1
20525,B0
22169,R
18309,T1
19319,A1
20018,B1
20115,T0
20115,A0
20865,B0
23115,R
16509,T1
17488,A1
18315,T0
18315,A0
18872,B1
18881,B0
18888,B1
19625,B0
21315,R
16508,T1
17518,A1
18250,B1
18314,T0
18314,A0
19088,B0
21314,R
22399,T1
23409,A1
24030,B1
24205,T0
24205,A0
24601,B0
27205,R
31157,T1
32167,A1
32705,B1
32964,T0
32964,A0
33358,B0
35964,R
21788,T1
22798,A1
23405,B1
23594,T0
23594,A0
24164,B0
26594,R
25542,T1
26552,A1
27026,B1
27349,T0
27349,A0
27727,B0
30349,R
23375,T1
24354,A1
24914,B1
25151,T0
25151,A0
26020,B0
28151,R
21208,T1
22218,A1
22841,B1
23014,T0
23014,A0
23599,B0
26014,R
22887,T1
23897,A1
24389,B1
24693,T0
24693,A0
25136,B0
27693,R
27679,T1
28689,A1
29172,B1
29485,T0
29485,A0
29797,B0
32485,R
24962,T1
25941,A1
26737,T0
26737,A0
27216,B1
27906,B0
29737,R
24871,T1
25850,A1
26646,T0
26646,A0
26685,B1
27396,B0
29646,R
29021,T1
30031,A1
30595,B1
30827,T0
30827,A0
31283,B0
33827,R
28045,T1
29055,A1
29850,T0
29850,A0
29876,B1
30730,B0
32850,R
30212,T1
31222,A1
31780,B1
32018,T0
32018,A0
32599,B0
35018,R
15746,T1
16755,A1
17551,T0
17551,A0
20551,R
31797,T1
31843,B1
32807,A1
32861,B0
33603,T0
33603,A0
36603,R
28166,T1
29176,A1
29820,B1
29972,T0
29972,A0
30541,B0
32972,R
15624,T1
16603,A1
17399,T0
17399,A0
20399,R
418,B1
424,B0
430,B1
1871,B0
35063,T1
36073,A1
36797,B1
36869,T0
36869,A0
37580,B0
39869,R
32287,T1
33297,A1
34071,B1
34093,T0
34093,A0
34804,B0
37093,R
34239,T1
35219,A1
36039,B1
36039,T0
36039,A0
36971,B0
39039,R
32995,T1
34004,A1
34416,B1
34801,T0
34801,A0
35224,B0
37801,R
30364,T1
31374,A1
32089,B1
32170,T0
32170,A0
32670,B0
35170,R
33568,T1
34548,A1
35372,B1
35372,T0
35372,A0
36173,B0
38372,R
24323,T1
25303,A1
26129,T0
26129,A0
26673,B1
26681,B0
26688,B1
27450,B0
29129,R
19316,T1
20326,A1
21122,T0
21122,A0
21645,B1
22386,B0
24122,R
17089,T1
18098,A1
18894,T0
18894,A0
19275,B1
19971,B0
21894,R
31829,T1
32839,A1
33553,B1
33635,T0
33635,A0
34247,B0
36635,R
16752,T1
17732,A1
18558,A0
18565,T0
19341,B1
19348,B0
19356,B1
20136,B0
21558,R
d2000,w80,m300,s150,p3
30896,T1
33908,A1
34288,B1
34295,B0
34303,B1
34693,T0
34693,A0
35273,B0
37693,R
27440,T1
30400,B1
30453,A1
31236,T0
31236,A0
31751,B0
34236,R
30836,T1
33818,A1
34013,B1
34022,B0
34029,B1
34633,A0
34641,T0
34823,B0
37633,R
30655,T1
33483,B1
33668,A1
34200,B0
34451,A0
34459,T0
37451,R
24947,T1
27960,A1
28451,B1
28744,T0
28744,A0
29394,B0
31744,R
18637,T1
21649,A1
22351,B1
22360,B0
22368,B1
22433,T0
22433,A0
23339,B0
25433,R
27410,T1
30393,A1
30705,B1
31208,T0
31208,A0
31473,B0
34208,R
23414,T1
26426,A1
26843,B1
27210,T0
27210,A0
27740,B0
30210,R
25218,T1
28220,B1
28230,A1
29015,T0
29015,A0
29139,B0
32015,R
25878,T1
28891,A1
29069,B1
29676,T0
29676,A0
30067,B0
32676,R
23805,T1
26817,A1
27303,B1
27310,B0
27318,B1
27601,T0
27601,A0
28214,B0
30601,R
15603,T1
18585,A1
18684,B1
18693,B0
18700,B1
19401,A0
19408,T0
19539,B0
22401,R
29814,T1
32796,A1
33336,B1
33344,B0
33351,B1
33610,T0
33610,A0
34145,B0
36610,R
24917,T1
27929,A1
28574,B1
28713,T0
28713,A0
29414,B0
31713,R
23895,T1
26877,A1
27691,T0
27691,A0
29054,B1
29061,B0
29069,B1
30303,B0
30691,R
20650,T1
23662,A1
24124,B1
24133,B0
24141,B1
24446,T0
24446,A0
25233,B0
27446,R
18638,T1
21650,A1
22222,B1
22434,T0
22434,A0
23380,B0
25434,R
17435,T1
20448,A1
20899,B1
20906,B0
20914,B1
21232,T0
21232,A0
21641,B0
24232,R
16744,T1
19755,B1
19755,A1
20542,T0
20542,A0
20877,B0
23542,R
26088,T1
29071,A1
29319,B1
29328,B0
29335,B1
29886,T0
29886,A0
30251,B0
32886,R
15392,T1
18374,A1
18846,B1
18856,B0
18863,B1
19189,T0
19189,A0
19913,B0
22189,R
17915,T1
20928,A1
21554,B1
21712,T0
21712,A0
22572,B0
24712,R
25697,T1
28710,A1
29119,B1
29128,B0
29135,B1
29525,T0
29525,A0
30534,B0
32525,R
33148,T1
36131,A1
36513,B1
36520,B0
36527,B1
36946,T0
36946,A0
37536,B0
39946,R
28762,T1
31744,A1
31953,B1
31960,B0
31968,B1
32559,T0
32559,A0
33138,B0
35559,R
28793,T1
31805,A1
32291,B1
32589,T0
32589,A0
33474,B0
35589,R
15933,T1
18946,A1
19288,B1
19295,B0
19303,B1
19730,T0
19730,A0
20704,B0
22730,R
27501,T1
30513,A1
31193,B1
31200,B0
31208,B1
31327,T0
31327,A0
32258,B0
34327,R
18878,T1
21890,A1
22114,B1
22123,B0
22131,B1
22675,T0
22675,A0
23253,B0
25675,R
15182,T1
18194,A1
18596,B1
18603,B0
18611,B1
18979,T0
18979,A0
19451,B0
21979,R
20319,T1
23302,A1
23821,B1
24116,T0
24116,A0
25201,B0
27116,R
19208,T1
22190,A1
22643,B1
22650,B0
22658,B1
23005,T0
23005,A0
23579,B0
26005,R
26268,T1
29281,A1
30042,B1
30095,T0
30095,A0
31179,B0
33095,R
16413,T1
19426,A1
19894,B1
20210,T0
20210,A0
20952,B0
23210,R
32458,T1
35471,A1
36020,B1
36254,T0
36254,A0
37113,B0
39254,R
14101,T1
17113,A1
17448,B1
17457,B0
17464,B1
17898,T0
17898,A0
18550,B0
20898,R
20800,T1
23813,A1
24309,B1
24317,B0
24324,B1
24627,A0
24634,T0
25115,B0
27627,R
29874,T1
32886,A1
33512,B1
33701,T0
33701,A0
34467,B0
36701,R
17495,T1
20507,A1
21141,B1
21321,T0
21321,A0
22270,B0
24321,R
20711,T1
23693,A1
24067,B1
24075,B0
24082,B1
24508,T0
24508,A0
25164,B0
27508,R
17555,T1
20568,A1
21027,B1
21034,B0
21042,B1
21352,T0
21352,A0
21967,B0
24352,R
31767,T1
34779,A1
35219,B1
35227,B0
35234,B1
35563,T0
35563,A0
36541,B0
38563,R
17105,T1
20118,A1
20874,B1
20883,B0
20890,B1
20901,T0
20901,A0
22031,B0
23901,R
31016,T1
34029,A1
34137,B1
34814,T0
34814,A0
35305,B0
37814,R
29994,T1
33006,A1
33406,B1
33791,T0
33791,A0
34485,B0
36791,R
30955,T1
33968,A1
34544,B1
34551,B0
34559,B1
34752,T0
34752,A0
35439,B0
37752,R
29423,T1
32406,A1
32699,B1
32707,B0
32715,B1
33221,T0
33221,A0
33966,B0
36221,R
17285,T1
20297,A1
20707,B1
21112,T0
21112,A0
21869,B0
24112,R
24946,T1
27959,A1
28345,B1
28354,B0
28362,B1
28743,T0
28743,A0
29416,B0
31743,R
25878,T1
28891,A1
29132,B1
29706,T0
29706,A0
30446,B0
32706,R
14280,T1
17263,A1
17398,B1
17407,B0
17414,B1
18078,T0
18078,A0
18660,B0
21078,R
22302,T1
25315,A1
25604,B1
25613,B0
25621,B1
26100,T0
26100,A0
26881,B0
29100,R
23234,T1
26216,A1
26744,B1
26753,B0
26760,B1
27030,T0
27030,A0
27914,B0
30030,R
28342,T1
31324,A1
31567,B1
32139,T0
32139,A0
33058,B0
35139,R
21191,T1
24204,A1
24869,B1
24877,B0
24884,B1
25018,T0
25018,A0
26048,B0
28018,R
27650,T1
30601,B1
30610,B0
30617,B1
30663,A1
31469,B0
31469,T0
31469,A0
34469,R
30903,T1
33886,A1
34264,B1
34700,T0
34700,A0
35237,B0
37700,R
14161,T1
17173,A1
17778,B1
17786,B0
17793,B1
17957,T0
17957,A0
18825,B0
20957,R
16654,T1
19667,A1
20085,B1
20093,B0
20100,B1
20451,T0
20451,A0
20931,B0
23451,R
18096,T1
21109,A1
21451,B1
21893,T0
21893,A0
22308,B0
24893,R
d2000,w80,m250,s300,p3
14285,T1
16794,A1
17590,T0
17590,A0
20590,R
24198,T1
26707,A1
27503,T0
27503,A0
30503,R
28042,T1
30369,B1
30378,B0
30386,B1
30552,A1
31346,B0
31346,T0
31346,A0
34346,R
20263,T1
22773,A1
23070,B1
23079,B0
23087,B1
23570,T0
23570,A0
24169,B0
26570,R
27525,T1
29689,B1
30035,A1
30831,T0
30831,A0
30927,B0
33831,R
25541,T1
27912,B1
27922,B0
27929,B1
28051,A1
28847,T0
28847,A0
29254,B0
31847,R
17851,T1
20360,A1
20731,B1
21157,T0
21157,A0
21638,B0
24157,R
21910,T1
24282,B1
24419,A1
24934,B0
25215,T0
25215,A0
28215,R
21147,T1
23644,B1
23657,A1
24454,T0
24454,A0
24487,B0
27454,R
29387,T1
31519,B1
31897,A1
32398,B0
32693,T0
32693,A0
35693,R
18766,T1
21245,A1
21650,B1
21659,B0
21666,B1
22072,T0
22072,A0
22589,B0
25072,R
22551,T1
25060,A1
25244,B1
25251,B0
25259,B1
25858,T0
25858,A0
26036,B0
28858,R
19774,T1
22252,A1
22460,B1
22469,B0
22476,B1
23080,T0
23080,A0
23310,B0
26080,R
21697,T1
24206,A1
24329,B1
24338,B0
24346,B1
25004,T0
25004,A0
25326,B0
28004,R
33537,T1
35959,B1
35968,B0
35976,B1
36046,A1
36688,B0
36842,T0
36842,A0
39842,R
23131,T1
25640,A1
25940,B1
25947,B0
25955,B1
26437,T0
26437,A0
26480,B0
29437,R
26824,T1
29333,A1
29341,B1
30097,B0
30131,T0
30131,A0
33131,R
14524,T1
17003,A1
17460,B1
17468,B0
17475,B1
17830,T0
17830,A0
17967,B0
20830,R
32469,T1
34876,B1
34884,B0
34891,B1
34979,A1
35693,B0
35775,T0
35775,A0
38775,R
30058,T1
32492,B1
32537,A1
33255,B0
33333,T0
33333,A0
36333,R
19194,T1
21703,A1
22071,B1
22080,B0
22087,B1
22500,T0
22500,A0
22751,B0
25500,R
22337,T1
24744,B1
24753,B0
24760,B1
24847,A1
25498,B0
25643,A0
25650,T0
28643,R
14066,T1
16545,A1
16562,B1
16570,B0
16577,B1
17343,T0
17343,A0
17365,B0
20343,R
24718,T1
27196,A1
27277,B1
27286,B0
27294,B1
27950,B0
28025,T0
28025,A0
31025,R
30821,T1
33277,B1
33285,B0
33292,B1
33300,A1
33894,B0
34098,T0
34098,A0
37098,R
19529,T1
22038,A1
22444,B1
22453,B0
22460,B1
22835,T0
22835,A0
23299,B0
25835,R
32531,T1
35040,A1
35165,B1
35174,B0
35181,B1
35837,T0
35837,A0
35911,B0
35918,B1
36042,B0
38837,R
14891,T1
17401,A1
17890,B1
17898,B0
17906,B1
18197,T0
18197,A0
18983,B0
21197,R
15563,T1
18072,A1
18206,B1
18215,B0
18222,B1
18869,A0
18877,T0
18897,B0
21869,R
17577,T1
20086,A1
20162,B1
20798,B0
20884,T0
20884,A0
23884,R
18308,T1
20675,B1
20684,B0
20691,B1
20818,A1
21332,B0
21614,T0
21614,A0
24614,R
23527,T1
25917,B1
25925,B0
25932,B1
26037,A1
26706,B0
26833,T0
26833,A0
29833,R
21574,T1
24083,A1
24196,B1
24881,T0
24881,A0
24974,B0
27881,R
24870,T1
27379,A1
27533,B1
27541,B0
27548,B1
27920,B0
28177,T0
28177,A0
31177,R
22642,T1
25151,A1
25224,B1
25949,T0
25949,A0
26035,B0
28949,R
33385,T1
35894,A1
35923,B1
36637,B0
36692,T0
36692,A0
39692,R
26030,T1
28509,A1
28607,B1
29306,T0
29306,A0
29418,B0
32306,R
30822,T1
33070,B1
33078,B0
33085,B1
33301,A1
33748,B0
34127,T0
34127,A0
37127,R
15135,T1
17644,A1
18198,B1
18441,T0
18441,A0
20522,B0
21441,R
16203,T1
18682,A1
19134,B1
19143,B0
19151,B1
19509,T0
19509,A0
19910,B0
22509,R
19682,T1
22097,B1
22192,A1
22816,B0
22988,T0
22988,A0
25988,R
33415,T1
35372,B1
35924,A1
36079,B0
36720,T0
36720,A0
39720,R
33568,T1
35714,B1
36078,A1
36531,B0
36874,T0
36874,A0
39874,R
25205,T1
27715,A1
27932,B1
28512,T0
28512,A0
28745,B0
31512,R
16264,T1
18773,A1
18956,B1
18965,B0
18972,B1
19571,T0
19571,A0
19901,B0
22571,R
23924,T1
26337,B1
26434,A1
27230,T0
27230,A0
27340,B0
30230,R
24809,T1
27262,B1
27318,A1
28114,T0
28114,A0
28157,B0
31114,R
30333,T1
32684,B1
32693,B0
32701,B1
32843,A1
33511,B0
33638,A0
33646,T0
36638,R
15868,T1
18347,B1
18377,A1
18903,B0
19173,T0
19173,A0
22173,R
33598,T1
35926,B1
36108,A1
36658,B0
36904,T0
36904,A0
39904,R
15531,T1
18041,A1
18836,T0
18836,A0
18892,B1
19836,B0
21836,R
24199,T1
26709,A1
27504,T0
27504,A0
28776,B1
28783,B0
28791,B1
29500,B0
30504,R
26732,T1
29242,A1
29446,B1
29455,B0
29462,B1
30039,T0
30039,A0
30208,B0
33039,R
21757,T1
24267,A1
24645,B1
24654,B0
24661,B1
25063,T0
25063,A0
25470,B0
28063,R
25817,T1
28326,A1
28409,B1
29124,T0
29124,A0
29184,B0
32124,R
18705,T1
21215,A1
21482,B1
22012,T0
22012,A0
22178,B0
25012,R
26609,T1
29119,A1
29606,B1
29915,A0
29923,T0
30375,B0
32915,R
31066,T1
33510,B1
33576,A1
34328,B0
34371,T0
34371,A0
37371,R
21422,T1
23901,A1
24345,B1
24697,T0
24697,A0
25172,B0
27697,R
17974,T1
20452,A1
20686,B1
21280,T0
21280,A0
21449,B0
24280,R
21666,T1
24175,A1
24316,B1
24325,B0
24333,B1
24973,T0
24973,A0
25002,B0
27973,R
28654,T1
31164,A1
31711,B1
31960,T0
31960,A0
32487,B0
34960,R
d2000,w80,m150,s300,p3
33559,T1
35059,A1
35855,T0
35855,A0
38855,R
26944,T1
28443,A1
29239,T0
29239,A0
32239,R
33414,T1
34913,A1
35709,T0
35709,A0
38709,R
23954,T1
25453,A1
26279,T0
26279,A0
29279,R
29447,T1
30947,A1
31742,T0
31742,A0
34742,R
27158,T1
28658,A1
29453,T0
29453,A0
32453,R
29722,T1
31221,A1
32017,T0
32017,A0
35017,R
21970,T1
23470,A1
24265,T0
24265,A0
27265,R
22611,T1
24111,A1
24907,T0
24907,A0
27907,R
21512,T1
23012,A1
23838,T0
23838,A0
26838,R
21452,T1
22951,A1
23747,T0
23747,A0
26747,R
21634,T1
23134,A1
23930,T0
23930,A0
26930,R
17331,T1
18831,A1
19627,T0
19627,A0
22627,R
32528,T1
34028,A1
34824,T0
34824,A0
37824,R
33169,T1
34669,A1
35464,T0
35464,A0
38464,R
18705,T1
20205,A1
21001,T0
21001,A0
24001,R
21176,T1
22676,A1
23472,T0
23472,A0
26472,R
25449,T1
26948,A1
27775,T0
27775,A0
30775,R
24716,T1
26216,A1
27011,A0
27019,T0
30011,R
23649,T1
25149,A1
25944,T0
25944,A0
28944,R
23466,T1
24965,A1
25792,T0
25792,A0
28792,R
16691,T1
18190,A1
18986,T0
18986,A0
21986,R
22306,T1
23805,A1
24601,T0
24601,A0
27601,R
27402,T1
28902,A1
29728,T0
29728,A0
32728,R
29172,T1
30671,A1
31467,T0
31467,A0
34467,R
34238,T1
35768,A1
36563,T0
36563,A0
39563,R
22337,T1
23837,A1
24632,T0
24632,A0
27632,R
30118,T1
31648,A1
32444,T0
32444,A0
35444,R
25357,T1
26857,A1
27653,A0
27660,T0
30653,R
18003,T1
19502,A1
20329,A0
20336,T0
23329,R
31369,T1
32868,A1
33664,T0
33664,A0
36664,R
33047,T1
34547,A1
35373,T0
35373,A0
38373,R
27769,T1
29268,A1
30064,T0
30064,A0
33064,R
25571,T1
27070,A1
27866,T0
27866,A0
30866,R
34695,T1
36195,A1
36990,T0
36990,A0
39990,R
31919,T1
33418,A1
34214,T0
34214,A0
37214,R
20902,T1
22402,A1
23197,T0
23197,A0
26197,R
18797,T1
20296,A1
21092,T0
21092,A0
24092,R
33902,T1
35402,A1
36228,T0
36228,A0
39228,R
15470,T1
16970,A1
17766,T0
17766,A0
20766,R
18613,T1
20113,A1
20908,T0
20908,A0
23908,R
31858,T1
33357,A1
34153,T0
34153,A0
37153,R
22947,T1
24446,A1
25242,T0
25242,A0
28242,R
15684,T1
17183,A1
18010,T0
18010,A0
21010,R
18217,T1
19716,A1
20512,T0
20512,A0
23512,R
19041,T1
20540,A1
21336,T0
21336,A0
24336,R
24503,T1
26002,A1
26798,T0
26798,A0
29798,R
24106,T1
25606,A1
26401,T0
26401,A0
29401,R
25053,T1
26552,A1
27348,T0
27348,A0
30348,R
28775,T1
30305,A1
31101,T0
31101,A0
34101,R
24290,T1
25789,A1
26585,T0
26585,A0
29585,R
32925,T1
34425,A1
35047,B1
35056,B0
35064,B1
35221,T0
35221,A0
35617,B0
38221,R
17790,T1
19290,A1
20044,B1
20053,B0
20060,B1
20086,T0
20086,A0
20617,B0
23086,R
32775,T1
34274,A1
34784,B1
34793,B0
34801,B1
35071,T0
35071,A0
35341,B0
38071,R
21116,T1
22616,A1
23269,B1
23278,B0
23286,B1
23412,T0
23412,A0
23846,B0
26412,R
14891,T1
16391,A1
17186,T0
17186,A0
17202,B1
17864,B0
20186,R
15960,T1
17459,A1
18140,B1
18149,B0
18156,B1
18255,T0
18255,A0
18723,B0
21255,R
28258,T1
29758,A1
30165,B1
30555,T0
30555,A0
30820,B0
33555,R
30394,T1
31893,A1
32253,B1
32690,T0
32690,A0
32828,B0
35690,R
29601,T1
31100,A1
31373,B1
31898,T0
31898,A0
31927,B0
34898,R
17607,T1
19106,A1
19932,A0
19940,T0
20066,B1
20604,B0
22932,R
34118,T1
35618,A1
36072,B1
36445,A0
36453,T0
36613,B0
39445,R
18584,T1
20083,A1
20879,T0
20879,A0
20918,B1
20927,B0
20935,B1
21603,B0
23879,R
28228,T1
29727,A1
30298,B1
30306,B0
30313,B1
30524,T0
30524,A0
31006,B0
33524,R
22795,T1
24294,A1
24890,B1
25121,T0
25121,A0
25553,B0
28121,R
16570,T1
18069,A1
18864,B1
18864,T0
18864,A0
19620,B0
21864,R
16174,T1
17673,A1
18324,B1
18333,B0
18341,B1
18470,A0
18477,T0
18864,B0
21470,R
26304,T1
27804,A1
28272,B1
28601,T0
28601,A0
28863,B0
31601,R
20903,T1
22402,A1
23080,B1
23198,T0
23198,A0
23815,B0
26198,R
14830,T1
16330,A1
17125,T0
17125,A0
17140,B1
17687,B0
20125,R
24078,T1
25577,A1
26050,B1
26404,A0
26412,T0
26613,B0
29404,R
18248,T1
19748,A1
20542,B1
20542,T0
20542,A0
21180,B0
23542,R
32990,T1
34489,A1
35128,B1
35135,B0
35143,B1
35286,T0
35286,A0
35631,B0
38286,R
34331,T1
35830,A1
36370,B1
36627,T0
36627,A0
37101,B0
39627,R
14860,T1
16360,A1
17155,T0
17155,A0
20155,R
30485,T1
31984,A1
32607,B1
32615,B0
32622,B1
32811,T0
32811,A0
33336,B0
35811,R
21605,T1
23105,A1
23900,T0
23900,A0
23919,B1
23928,B0
23935,B1
24678,B0
26900,R
26946,T1
28446,A1
29189,B1
29242,T0
29242,A0
29998,B0
32242,R
29478,T1
30978,A1
31724,B1
31731,B0
31739,B1
31774,T0
31774,A0
32098,B0
34774,R
29082,T1
30581,A1
31289,B1
31298,B0
31305,B1
31378,T0
31378,A0
32026,B0
34378,R
19041,T1
20571,A1
21367,T0
21367,A0
24367,R
16020,T1
17519,A1
18315,T0
18315,A0
18385,B1
18394,B0
18401,B1
19174,B0
21315,R
21849,T1
23349,A1
23981,B1
23990,B0
23998,B1
24145,T0
24145,A0
24536,B0
27145,R
31310,T1
32809,A1
33494,B1
33605,T0
33605,A0
34177,B0
36605,R
25542,T1
27072,A1
27709,B1
27718,B0
27725,B1
27869,T0
27869,A0
28578,B0
30869,R
18980,T1
20480,A1
21275,T0
21275,A0
21495,B1
21504,B0
21511,B1
22198,B0
24275,R
18462,T1
19962,A1
20666,B1
20675,B0
20682,B1
20758,T0
20758,A0
21450,B0
23758,R
15135,T1
16634,A1
17461,T0
17461,A0
17896,B1
17904,B0
17911,B1
18579,B0
20461,R
31584,T1
33084,A1
33706,B1
33911,T0
33911,A0
34303,B0
36911,R
20018,T1
21517,A1
22313,T0
22313,A0
22508,B1
23230,B0
25313,R
32164,T1
33694,A1
34066,B1
34075,B0
34083,B1
34491,T0
34491,A0
34638,B0
37491,R
25603,T1
27102,A1
27887,B1
27898,T0
27898,A0
28570,B0
30898,R
17058,T1
18558,A1
19384,T0
19384,A0
22384,R
33627,T1
35127,A1
35859,B1
35868,B0
35875,B1
35923,T0
35923,A0
36517,B0
38923,R
24229,T1
25729,A1
26524,T0
26524,A0
26631,B1
27213,B0
29524,R
27160,T1
28659,A1
29455,T0
29455,A0
29493,B1
29501,B0
29508,B1
29942,B0
32455,R
16753,T1
18252,A1
19048,T0
19048,A0
22048,R
15348,T1
16848,A1
17523,B1
17532,B0
17540,B1
17644,T0
17644,A0
18205,B0
20644,R
22368,T1
23868,A1
24298,B1
24306,B0
24313,B1
24695,T0
24695,A0
25127,B0
27695,R
27403,T1
28903,A1
29367,B1
29376,B0
29383,B1
29700,T0
29700,A0
29925,B0
32700,R
25603,T1
27102,A1
27573,B1
27580,B0
27588,B1
27899,T0
27899,A0
27944,B0
30899,R
30272,T1
31771,A1
32224,B1
32232,B0
32239,B1
32568,T0
32568,A0
32680,B0
35568,R
31798,T1
33298,A1
33623,B1
34095,T0
34095,A0
34176,B0
37095,R
20689,T1
22189,A1
22984,T0
22984,A0
23007,B1
23656,B0
25984,R
31707,T1
33206,A1
33497,B1
34003,T0
34003,A0
34018,B0
37003,R
29754,T1
31253,A1
31737,B1
32050,T0
32050,A0
32376,B0
35050,R
23497,T1
24997,A1
25607,B1
25616,B0
25624,B1
25793,A0
25800,T0
26254,B0
28793,R
20934,T1
22433,A1
23030,B1
23229,T0
23229,A0
23803,B0
26229,R
30913,T1
32413,A1
32623,B1
33210,T0
33210,A0
33225,B0
36210,R
19713,T1
21213,A1
22004,B1
22039,T0
22039,A0
22734,B0
25039,R
31127,T1
32626,A1
33060,B1
33454,T0
33454,A0
33620,B0
36454,R
27861,T1
29361,A1
30042,B1
30051,B0
30059,B1
30157,T0
30157,A0
30596,B0
33157,R
34178,T1
35678,A1
36159,B1
36474,T0
36474,A0
36717,B0
39474,R
17150,T1
18649,A1
19445,T0
19445,A0
19603,B1
20377,B0
22445,R
23558,T1
25058,A1
25758,B1
25767,B0
25775,B1
25854,T0
25854,A0
26156,B0
28854,R
d2000,w80,m300,s300,p3
16561,T1
19560,A1
20387,T0
20387,A0
23387,R
18643,T1
21642,A1
22438,T0
22438,A0
25438,R
18277,T1
21276,A1
22072,T0
22072,A0
25072,R
19590,T1
22588,A1
23384,T0
23384,A0
26384,R
17240,T1
20239,A1
21065,T0
21065,A0
24065,R
22733,T1
25732,A1
25839,B1
26530,T0
26530,A0
26807,B0
29530,R
14219,T1
17218,A1
17508,B1
18045,T0
18045,A0
18400,B0
21045,R
14159,T1
17158,A1
17426,B1
17435,B0
17442,B1
17955,T0
17955,A0
18290,B0
20955,R
20445,T1
23444,A1
23584,B1
24241,T0
24241,A0
24269,B0
27241,R
17942,T1
20941,A1
21017,B1
21739,T0
21739,A0
21860,B0
24739,R
26579,T1
29609,A1
29839,B1
29846,B0
29854,B1
30406,T0
30406,A0
31246,B0
33406,R
27128,T1
30127,A1
30311,B1
30925,T0
30925,A0
31303,B0
33925,R
24137,T1
27136,A1
27179,B1
27934,T0
27934,A0
28257,B0
30934,R
24321,T1
27190,B1
27197,B0
27205,B1
27320,A1
28116,T0
28116,A0
28285,B0
31116,R
27098,T1
30081,B1
30090,B0
30090,A1
30104,B1
30925,T0
30925,A0
30992,B0
33925,R
24412,T1
27411,A1
27793,B1
27800,B0
27807,B1
28239,T0
28239,A0
28610,B0
31239,R
15806,T1
18805,A1
19275,B1
19284,B0
19292,B1
19602,T0
19602,A0
20330,B0
22602,R
25999,T1
28998,A1
29134,B1
29143,B0
29151,B1
29795,T0
29795,A0
30020,B0
32795,R
15867,T1
18866,A1
19327,B1
19336,B0
19343,B1
19663,T0
19663,A0
20143,B0
22663,R
31340,T1
34339,A1
34547,B1
34556,B0
34564,B1
35136,T0
35136,A0
35532,B0
38136,R
21178,T1
24153,B1
24177,A1
24975,T0
24975,A0
25077,B0
27975,R
22001,T1
25030,A1
25210,B1
25828,T0
25828,A0
26147,B0
28828,R
15897,T1
18896,A1
18946,B1
19694,T0
19694,A0
19982,B0
22694,R
32988,T1
35987,A1
36084,B1
36092,B0
36099,B1
36815,A0
36823,T0
36856,B0
39815,R
20415,T1
23414,A1
23762,B1
23769,B0
23777,B1
24211,T0
24211,A0
24726,B0
27211,R
26548,T1
29547,A1
29868,B1
29875,B0
29883,B1
30344,T0
30344,A0
30827,B0
33344,R
28075,T1
31074,A1
31343,B1
31351,B0
31358,B1
31871,T0
31871,A0
32170,B0
34871,R
16813,T1
19812,A1
20045,B1
20054,B0
20061,B1
20609,T0
20609,A0
21194,B0
23609,R
14311,T1
17310,A1
17404,B1
17413,B0
17420,B1
18108,T0
18108,A0
18428,B0
21108,R
27128,T1
30069,B1
30077,B0
30085,B1
30127,A1
30923,T0
30923,A0
31198,B0
33923,R
15440,T1
18439,A1
18657,B1
18666,B0
18673,B1
19267,T0
19267,A0
19837,B0
22267,R
28715,T1
31668,B1
31677,B0
31685,B1
31714,A1
32541,T0
32541,A0
32742,B0
35541,R
22459,T1
25145,B1
25458,A1
26147,B0
26254,T0
26254,A0
29254,R
13914,T1
16913,A1
17026,B1
17035,B0
17042,B1
17741,T0
17741,A0
18069,B0
20741,R
28715,T1
31714,A1
32079,B1
32088,B0
32095,B1
32511,T0
32511,A0
33175,B0
35511,R
15440,T1
18470,A1
18543,B1
18552,B0
18560,B1
19267,A0
19275,T0
19428,B0
22267,R
26427,T1
29426,A1
30252,T0
30252,A0
30474,B1
31714,B0
33252,R
18919,T1
21918,A1
22275,B1
22284,B0
22291,B1
22715,T0
22715,A0
23159,B0
25715,R
30760,T1
33665,B1
33674,B0
33681,B1
33760,A1
34555,T0
34555,A0
34570,B0
37555,R
32134,T1
34994,B1
35003,B0
35010,B1
35133,A1
35929,T0
35929,A0
36130,B0
38929,R
16447,T1
19446,A1
19813,B1
20273,T0
20273,A0
20637,B0
23273,R
29204,T1
32203,A1
32420,B1
32429,B0
32436,B1
33031,T0
33031,A0
33147,B0
36031,R
17820,T1
20850,A1
21173,B1
21182,B0
21189,B1
21647,T0
21647,A0
22019,B0
24647,R
13334,T1
16333,A1
16569,B1
16578,B0
16585,B1
17161,T0
17161,A0
17311,B0
20161,R
22154,T1
25153,A1
25271,B1
25279,B0
25287,B1
25950,T0
25950,A0
26215,B0
28950,R
25450,T1
28449,A1
28497,B1
29227,B0
29247,T0
29247,A0
32247,R
28959,T1
31958,A1
32189,B1
32756,T0
32756,A0
33323,B0
35756,R
23679,T1
26678,A1
26910,B1
26919,B0
26927,B1
27476,T0
27476,A0
27943,B0
30476,R
32835,T1
35834,A1
35997,B1
36004,B0
36012,B1
36631,T0
36631,A0
37055,B0
39631,R
22459,T1
25458,A1
25614,B1
25621,B0
25629,B1
26256,T0
26256,A0
26404,B0
29256,R
17637,T1
20636,A1
21046,B1
21055,B0
21062,B1
21433,T0
21433,A0
22157,B0
24433,R
30577,T1
33459,B1
33468,B0
33476,B1
33576,A1
34372,T0
34372,A0
34568,B0
37372,R
27922,T1
30921,A1
30934,B1
30941,B0
30949,B1
31718,T0
31718,A0
31989,B0
34718,R
31951,T1
34868,B1
34877,B0
34884,B1
34950,A1
35746,T0
35746,A0
35915,B0
38746,R
16996,T1
19995,A1
20249,B1
20257,B0
20264,B1
20792,T0
20792,A0
20882,B0
23792,R
23832,T1
26832,A1
27428,B1
27436,B0
27444,B1
27628,T0
27628,A0
28153,B0
30628,R
24229,T1
27228,A1
27470,B1
27479,B0
27487,B1
28056,T0
28056,A0
28344,B0
31056,R
20445,T1
23444,A1
23901,B1
23910,B0
23917,B1
24241,T0
24241,A0
25041,B0
27241,R
24473,T1
27472,A1
27746,B1
27753,B0
27761,B1
28269,T0
28269,A0
28711,B0
31269,R
25114,T1
28113,A1
28464,B1
28941,T0
28941,A0
29271,B0
31941,R
19407,T1
22406,A1
22743,B1
22751,B0
22759,B1
23203,T0
23203,A0
23582,B0
26203,R
22917,T1
25916,A1
26254,B1
26263,B0
26271,B1
26713,T0
26713,A0
27137,B0
29713,R
13792,T1
16791,A1
17617,T0
17617,A0
18042,B1
18050,B0
18057,B1
19093,B0
20617,R
24382,T1
27381,A1
27548,B1
27557,B0
27565,B1
28178,T0
28178,A0
28484,B0
31178,R
14799,T1
17798,A1
18346,B1
18355,B0
18362,B1
18595,T0
18595,A0
19298,B0
21595,R
d2000,w80,m250,s150,p3
30003,T1
32503,A1
33316,T0
33316,A0
36316,R
23503,T1
26003,A1
26212,B1
26220,B0
26227,B1
26818,T0
26818,A0
27245,B0
29818,R
30745,T1
33246,A1
33433,B1
33440,B0
33447,B1
34061,T0
34061,A0
34189,B0
37061,R
28312,T1
30812,A1
31526,B1
31533,B0
31541,B1
31626,T0
31626,A0
32186,B0
34626,R
16894,T1
19395,A1
19622,B1
19629,B0
19637,B1
20179,T0
20179,A0
20439,B0
23179,R
19239,T1
21739,A1
22100,B1
22108,B0
22115,B1
22554,T0
22554,A0
23056,B0
25554,R
17826,T1
20326,A1
20478,B1
20486,B0
20494,B1
21141,T0
21141,A0
21273,B0
24141,R
30085,T1
32585,A1
32994,B1
33002,B0
33010,B1
33400,T0
33400,A0
33930,B0
36400,R
15722,T1
18223,A1
18478,B1
18485,B0
18493,B1
19038,T0
19038,A0
19446,B0
22038,R
25517,T1
28017,A1
28409,B1
28418,B0
28425,B1
28802,T0
28802,A0
29611,B0
31802,R
18697,T1
21198,A1
21633,B1
21642,B0
21649,B1
22012,A0
22019,T0
22458,B0
25012,R
17105,T1
19605,A1
19842,B1
19850,B0
19857,B1
20390,T0
20390,A0
20558,B0
23390,R
15843,T1
18343,A1
18666,B1
18674,B0
18681,B1
19158,T0
19158,A0
19524,B0
22158,R
29333,T1
31834,A1
32181,B1
32189,B0
32196,B1
32618,T0
32618,A0
32926,B0
35618,R
15633,T1
18133,A1
18500,B1
18507,B0
18514,B1
18948,T0
18948,A0
19564,B0
21948,R
30836,T1
33336,A1
33760,B1
33769,B0
33776,B1
34120,T0
34120,A0
34852,B0
37120,R
23775,T1
26275,A1
26797,B1
26805,B0
26812,B1
27060,T0
27060,A0
28130,B0
30060,R
17735,T1
20236,A1
20497,B1
20505,B0
20513,B1
21051,T0
21051,A0
21179,B0
24051,R
31256,T1
33756,A1
33893,B1
33902,B0
33909,B1
34541,T0
34541,A0
35107,B0
37541,R
29664,T1
32164,A1
32412,B1
32419,B0
32426,B1
32979,T0
32979,A0
33432,B0
35979,R
15062,T1
17562,A1
17900,B1
17908,B0
17915,B1
18347,A0
18354,T0
18720,B0
21347,R
24195,T1
26696,A1
27014,B1
27023,B0
27030,B1
27510,T0
27510,A0
28039,B0
30510,R
14311,T1
16811,A1
17476,B1
17483,B0
17491,B1
17625,T0
17625,A0
18805,B0
20625,R
31136,T1
33637,A1
33919,B1
33928,B0
33936,B1
34451,T0
34451,A0
35006,B0
37451,R
28643,T1
31143,A1
31356,B1
31365,B0
31372,B1
31928,T0
31928,A0
32552,B0
34928,R
27020,T1
29520,A1
29980,B1
29988,B0
29995,B1
30335,T0
30335,A0
30853,B0
33335,R
25277,T1
27777,A1
27909,B1
27918,B0
27925,B1
28562,A0
28570,T0
29096,B0
31562,R
20230,T1
22730,A1
23291,B1
23298,B0
23306,B1
23544,T0
23544,A0
24283,B0
26544,R
24196,T1
26696,A1
26902,B1
26910,B0
26917,B1
27481,T0
27481,A0
27868,B0
30481,R
32398,T1
34899,A1
35287,B1
35296,B0
35304,B1
35713,T0
35713,A0
36256,B0
38713,R
29183,T1
31714,A1
32105,B1
32498,T0
32498,A0
33023,B0
35498,R
22934,T1
25434,A1
26218,T0
26218,A0
26949,B1
26957,B0
26964,B1
28079,B0
29218,R
25968,T1
28468,A1
28587,B1
28594,B0
28602,B1
29283,T0
29283,A0
29443,B0
32283,R
24647,T1
27147,A1
27446,B1
27453,B0
27461,B1
27932,T0
27932,A0
28476,B0
30932,R
15783,T1
18283,A1
18898,B1
18906,B0
18913,B1
19067,A0
19074,T0
19484,B0
19492,B1
19672,B0
22067,R
16984,T1
19485,A1
19910,B1
20299,T0
20299,A0
20914,B0
23299,R
23745,T1
26276,A1
26646,B1
26655,B0
26663,B1
27060,T0
27060,A0
27641,B0
30060,R
24196,T1
26696,A1
27017,B1
27026,B0
27033,B1
27481,T0
27481,A0
28098,B0
30481,R
30054,T1
32555,A1
32935,B1
32943,B0
32950,B1
33339,T0
33339,A0
33946,B0
36339,R
23444,T1
25945,A1
26629,B1
26637,B0
26644,B1
26729,T0
26729,A0
27678,B0
29729,R
24706,T1
27206,A1
27441,B1
27448,B0
27456,B1
28021,T0
28021,A0
28294,B0
31021,R
28402,T1
30902,A1
30997,B1
31005,B0
31012,B1
31718,A0
31725,T0
32044,B0
34718,R
21821,T1
24322,A1
24735,B1
24743,B0
24750,B1
25136,T0
25136,A0
25717,B0
28136,R
30566,T1
33066,A1
33349,B1
33356,B0
33363,B1
33851,T0
33851,A0
34487,B0
36851,R
21010,T1
23511,A1
24324,B1
24324,T0
24324,A0
25313,B0
27324,R
14792,T1
17292,A1
17744,B1
17751,B0
17759,B1
18076,T0
18076,A0
18635,B0
21076,R
23054,T1
25554,A1
25961,B1
25969,B0
25976,B1
26369,A0
26376,T0
26879,B0
29369,R
23535,T1
26035,A1
26586,B1
26595,B0
26603,B1
26849,T0
26849,A0
27554,B0
29849,R
31136,T1
33636,A1
34019,B1
34451,T0
34451,A0
34975,B0
37451,R
14851,T1
17352,A1
17600,B1
17608,B0
17616,B1
18137,T0
18137,A0
18509,B0
21137,R
22753,T1
25253,A1
25502,B1
25509,B0
25517,B1
26038,T0
26038,A0
26603,B0
29038,R
25307,T1
27838,A1
28078,B1
28086,B0
28093,B1
28623,T0
28623,A0
29081,B0
31623,R
15752,T1
18253,A1
18667,B1
18674,B0
18682,B1
19067,T0
19067,A0
19569,B0
22067,R
21522,T1
24022,A1
24262,B1
24270,B0
24277,B1
24807,T0
24807,A0
25118,B0
27807,R
23384,T1
25885,A1
26055,B1
26064,B0
26071,B1
26670,T0
26670,A0
27197,B0
29670,R
20920,T1
23421,A1
23875,B1
23884,B0
23891,B1
24235,T0
24235,A0
24972,B0
27235,R
23114,T1
25614,A1
25866,B1
25874,B0
25881,B1
26429,T0
26429,A0
26860,B0
29429,R
26269,T1
28769,A1
29303,B1
29311,B0
29318,B1
29584,T0
29584,A0
30506,B0
32584,R
28672,T1
31172,A1
31394,B1
31403,B0
31411,B1
31987,T0
31987,A0
32585,B0
34987,R
32038,T1
34538,A1
34628,B1
35323,T0
35323,A0
35838,B0
38323,R
28793,T1
31293,A1
31446,B1
31455,B0
31463,B1
32108,T0
32108,A0
32528,B0
35108,R
d2000,w80,m200,s300,p3
15506,T1
17495,A1
18291,T0
18291,A0
21291,R
15440,T1
17460,A1
18255,A0
18263,T0
21255,R
19773,T1
21793,A1
22589,T0
22589,A0
25589,R
31735,T1
33724,A1
34550,T0
34550,A0
37550,R
34116,T1
36135,A1
36931,T0
36931,A0
39931,R
18705,T1
20725,A1
21520,T0
21520,A0
24520,R
16783,T1
18803,A1
19598,T0
19598,A0
22598,R
22306,T1
24295,A1
24697,B1
24704,B0
24712,B1
25123,T0
25123,A0
25684,B0
28123,R
24260,T1
26249,A1
26439,B1
26447,B0
26454,B1
27046,T0
27046,A0
27476,B0
30046,R
15502,T1
17491,A1
18136,B1
18144,B0
18151,B1
18318,A0
18325,T0
18703,B0
21318,R
33110,T1
35092,B1
35092,A1
35897,T0
35897,A0
35912,B0
38897,R
30883,T1
32872,A1
33185,B1
33192,B0
33199,B1
33669,T0
33669,A0
34204,B0
36669,R
16630,T1
18650,A1
19330,B1
19338,B0
19345,B1
19446,T0
19446,A0
19860,B0
22446,R
18950,T1
20970,A1
21388,B1
21395,B0
21403,B1
21766,T0
21766,A0
22114,B0
24766,R
24657,T1
26646,A1
26730,B1
26737,B0
26745,B1
27444,T0
27444,A0
27601,B0
30444,R
17912,T1
19901,A1
20583,B1
20590,B0
20598,B1
20697,T0
20697,A0
21315,B0
23697,R
25603,T1
27592,A1
28388,T0
28388,A0
28907,B1
28915,B0
28922,B1
30698,B0
31388,R
21208,T1
23197,A1
23467,B1
23994,T0
23994,A0
24556,B0
26994,R
26519,T1
28528,B1
28536,B0
28536,A1
28551,B1
29336,T0
29336,A0
29588,B0
32336,R
24535,T1
26524,A1
26911,B1
26919,B0
26926,B1
27321,T0
27321,A0
27813,B0
30321,R
30882,T1
32871,A1
33487,B1
33494,B0
33502,B1
33668,T0
33668,A0
34765,B0
36668,R
25206,T1
27225,A1
27433,B1
27442,B0
27450,B1
28023,T0
28023,A0
28554,B0
31023,R
15257,T1
17277,A1
17679,B1
17687,B0
17694,B1
18073,T0
18073,A0
18510,B0
21073,R
18096,T1
20115,A1
20285,B1
20293,B0
20300,B1
20913,T0
20913,A0
21389,B0
23913,R
21116,T1
23136,A1
23430,B1
23439,B0
23446,B1
23933,T0
23933,A0
24466,B0
26933,R
32531,T1
34415,B1
34422,B0
34430,B1
34551,A1
35143,B0
35346,T0
35346,A0
38346,R
24413,T1
26433,A1
26702,B1
27230,T0
27230,A0
27672,B0
30230,R
33568,T1
35588,A1
35803,B1
35811,B0
35818,B1
36385,T0
36385,A0
36838,B0
39385,R
22215,T1
24235,A1
24734,B1
24741,B0
24749,B1
25031,T0
25031,A0
25659,B0
28031,R
24627,T1
26616,A1
26981,B1
26989,B0
26996,B1
27413,T0
27413,A0
27754,B0
30413,R
18126,T1
20145,A1
20790,B1
20798,B0
20805,B1
20942,T0
20942,A0
21462,B0
23942,R
14829,T1
16849,A1
17256,B1
17265,B0
17272,B1
17646,T0
17646,A0
18248,B0
20646,R
25877,T1
27812,B1
27820,B0
27827,B1
27867,A1
28663,T0
28663,A0
28863,B0
31663,R
27586,T1
29575,A1
29995,B1
30372,T0
30372,A0
30852,B0
33372,R
23222,T1
25242,A1
25549,B1
26039,T0
26039,A0
26572,B0
29039,R
17454,T1
19474,A1
19565,B1
19572,B0
19580,B1
20271,T0
20271,A0
20681,B0
23271,R
29967,T1
31956,A1
32120,B1
32127,B0
32135,B1
32784,A0
32792,T0
32816,B0
35784,R
17211,T1
19230,A1
19908,B1
19916,B0
19923,B1
20027,A0
20034,T0
20851,B0
23027,R
25785,T1
27805,A1
28008,B1
28015,B0
28023,B1
28603,A0
28610,T0
28825,B0
31603,R
14890,T1
16880,A1
17492,B1
17500,B0
17507,B1
17676,A0
17683,T0
18271,B0
20676,R
20018,T1
22038,A1
22227,B1
22235,B0
22242,B1
22835,T0
22835,A0
23170,B0
25835,R
32286,T1
34275,A1
34283,B1
35073,T0
35073,A0
35336,B0
38073,R
22673,T1
24662,A1
25151,B1
25160,B0
25168,B1
25459,T0
25459,A0
26349,B0
28459,R
32805,T1
34794,A1
35180,B1
35591,T0
35591,A0
36145,B0
38591,R
28594,T1
30613,A1
31098,B1
31107,B0
31114,B1
31410,T0
31410,A0
32112,B0
34410,R
23802,T1
25791,A1
26212,B1
26221,B0
26228,B1
26588,T0
26588,A0
27159,B0
29588,R
14738,T1
16727,A1
16927,B1
16935,B0
16942,B1
17555,T0
17555,A0
17831,B0
20555,R
25603,T1
27592,A1
27987,B1
27995,B0
28002,B1
28389,T0
28389,A0
28818,B0
31389,R
16630,T1
18620,A1
19157,B1
19164,B0
19172,B1
19416,T0
19416,A0
20152,B0
22416,R
23162,T1
25126,B1
25134,B0
25141,B1
25182,A1
25977,A0
25985,T0
26030,B0
28977,R
23650,T1
25639,A1
25874,B1
25881,B0
25889,B1
26436,T0
26436,A0
26991,B0
29436,R
30974,T1
32963,A1
33233,B1
33241,B0
33248,B1
33761,T0
33761,A0
34162,B0
36761,R
15257,T1
17276,A1
18072,T0
18072,A0
18259,B1
18266,B0
18274,B1
19177,B0
21072,R
33813,T1
35717,B1
35725,B0
35732,B1
35802,A1
36564,B0
36598,T0
36598,A0
39598,R
16447,T1
18436,A1
18862,B1
19263,T0
19263,A0
19615,B0
22263,R
31005,T1
32994,A1
33073,B1
33080,B0
33088,B1
33792,T0
33792,A0
33843,B0
36792,R
24351,T1
26340,A1
26813,B1
26820,B0
26828,B1
27137,T0
27137,A0
27662,B0
30137,R
24443,T1
26432,A1
26761,B1
26769,B0
26776,B1
27260,T0
27260,A0
27601,B0
30260,R
26762,T1
28752,A1
28972,B1
28981,B0
28989,B1
29579,A0
29587,T0
30095,B0
32579,R
19896,T1
21916,A1
22276,B1
22285,B0
22293,B1
22713,T0
22713,A0
23627,B0
25713,R
20232,T1
22251,A1
22633,B1
22642,B0
22649,B1
23048,T0
23048,A0
23797,B0
26048,R
15501,T1
17491,A1
18286,T0
18286,A0
21286,R
14860,T1
16849,A1
17369,B1
17378,B0
17385,B1
17646,T0
17646,A0
18634,B0
20646,R
30120,T1
32109,A1
32499,B1
32507,B0
32514,B1
32906,T0
32906,A0
33382,B0
35906,R
20628,T1
22617,A1
22902,B1
22912,B0
22919,B1
23414,T0
23414,A0
23850,B0
26414,R
17241,T1
19230,A1
19764,B1
20027,T0
20027,A0
21079,B0
23027,R
19377,T1
21366,A1
21682,B1
21691,B0
21698,B1
22163,T0
22163,A0
22790,B0
25163,R
22917,T1
24937,A1
25124,B1
25133,B0
25140,B1
25734,T0
25734,A0
26045,B0
28734,R
d2000,w80,m100,s150,p3
32737,T1
33761,A1
34545,T0
34545,A0
37545,R
29931,T1
30925,A1
31738,T0
31738,A0
34738,R
25906,T1
26900,A1
27713,A0
27721,T0
27823,B1
27831,B0
27838,B1
29068,B0
30713,R
25789,T1
26783,A1
27526,B1
27566,T0
27566,A0
28535,B0
30566,R
32218,T1
33242,A1
33910,B1
34026,T0
34026,A0
34818,B0
37026,R
29754,T1
30748,A1
31562,T0
31562,A0
32093,B1
32101,B0
32108,B1
33312,B0
34562,R
25217,T1
26211,A1
26848,B1
26856,B0
26863,B1
27025,T0
27025,A0
27864,B0
30025,R
22904,T1
23898,A1
24711,T0
24711,A0
24726,B1
25670,B0
27711,R
20681,T1
21675,A1
22290,B1
22298,B0
22305,B1
22459,T0
22459,A0
23360,B0
25459,R
28582,T1
29576,A1
30305,B1
30312,B0
30320,B1
30360,T0
30360,A0
30929,B0
33360,R
19659,T1
20653,A1
21466,T0
21466,A0
21792,B1
21801,B0
21809,B1
22888,B0
24466,R
24677,T1
25671,A1
26454,T0
26454,A0
26502,B1
27588,B0
29454,R
19509,T1
20503,A1
21316,T0
21316,A0
21392,B1
21400,B0
21407,B1
22198,B0
24316,R
17135,T1
18130,A1
18943,T0
18943,A0
19651,B1
19658,B0
19666,B1
20752,B0
21943,R
18066,T1
19061,A1
19874,A0
19881,T0
22874,R
19057,T1
20081,A1
20864,A0
20872,T0
21231,B1
22157,B0
23864,R
27862,T1
28856,A1
29518,B1
29527,B0
29534,B1
29640,T0
29640,A0
30403,B0
32640,R
24616,T1
25640,A1
26423,T0
26423,A0
26457,B1
27381,B0
29423,R
24917,T1
25942,A1
26725,T0
26725,A0
26740,B1
27355,B0
29725,R
29904,T1
30899,A1
31552,B1
31713,A0
31720,T0
32311,B0
34713,R
27891,T1
28885,A1
29663,B1
29699,A0
29706,T0
30424,B0
32699,R
20169,T1
21163,A1
21977,T0
21977,A0
21992,B1
22895,B0
24977,R
33900,T1
34925,A1
35564,B1
35571,B0
35579,B1
35708,T0
35708,A0
36195,B0
38708,R
31767,T1
32761,A1
33575,T0
33575,A0
33637,B1
33645,B0
33652,B1
33948,B0
36575,R
32669,T1
33663,A1
34476,T0
34476,A0
34491,B1
34877,B0
37476,R
25187,T1
26182,A1
26995,T0
26995,A0
27047,B1
27841,B0
29995,R
32008,T1
33002,A1
33621,B1
33629,B0
33636,B1
33786,T0
33786,A0
34152,B0
36786,R
27470,T1
28464,A1
29157,B1
29248,T0
29248,A0
30141,B0
32248,R
32128,T1
33122,A1
33715,B1
33936,T0
33936,A0
34399,B0
36936,R
16774,T1
17769,A1
18582,T0
18582,A0
21582,R
20379,T1
21373,A1
22183,B1
22183,T0
22183,A0
23224,B0
25183,R
33723,T1
34717,A1
35396,B1
35405,B0
35412,B1
35531,T0
35531,A0
36259,B0
38531,R
33630,T1
34655,A1
35396,B1
35404,B0
35411,B1
35438,T0
35438,A0
36120,B0
38438,R
30115,T1
31109,A1
31699,B1
31923,T0
31923,A0
32539,B0
34923,R
16354,T1
17378,A1
18162,T0
18162,A0
18964,B1
18971,B0
18979,B1
19992,B0
21162,R
19628,T1
20622,A1
21436,T0
21436,A0
21753,B1
21762,B0
21769,B1
22941,B0
24436,R
35102,T1
36096,A1
36758,B1
36765,B0
36773,B1
36910,T0
36910,A0
37471,B0
39910,R
17406,T1
18400,A1
19213,T0
19213,A0
19955,B1
19962,B0
19970,B1
20486,B0
22213,R
28493,T1
29487,A1
30270,T0
30270,A0
30396,B1
30403,B0
30411,B1
31259,B0
33270,R
32819,T1
33813,A1
34561,B1
34597,T0
34597,A0
35274,B0
37597,R
32308,T1
33302,A1
33988,B1
33995,B0
34003,B1
34116,T0
34116,A0
34891,B0
37116,R
30535,T1
31529,A1
32342,T0
32342,A0
32494,B1
32501,B0
32509,B1
33249,B0
35342,R
31768,T1
32762,A1
33398,B1
33406,B0
33413,B1
33546,T0
33546,A0
34044,B0
36546,R
28763,T1
29757,A1
30533,B1
30533,T0
30533,A0
31161,B0
33533,R
20778,T1
21802,A1
22585,T0
22585,A0
22752,B1
22760,B0
22767,B1
23687,B0
25585,R
15783,T1
16777,A1
17591,T0
17591,A0
20591,R
23743,T1
24737,A1
25271,B1
25521,T0
25521,A0
26276,B0
28521,R
21582,T1
22576,A1
23359,T0
23359,A0
23420,B1
23429,B0
23436,B1
24280,B0
26359,R
22664,T1
23658,A1
24347,B1
24357,B0
24364,B1
24472,A0
24479,T0
25315,B0
27472,R
19509,T1
20503,A1
21286,T0
21286,A0
21600,B1
21608,B0
21615,B1
22638,B0
24286,R
24226,T1
25220,A1
25908,B1
26004,T0
26004,A0
26900,B0
29004,R
34411,T1
35405,A1
36104,B1
36189,T0
36189,A0
36820,B0
39189,R
22363,T1
23357,A1
24098,B1
24106,B0
24113,B1
24171,T0
24171,A0
24692,B0
27171,R
22483,T1
23507,A1
24290,T0
24290,A0
24647,B1
24654,B0
24662,B1
25214,B0
27290,R
20200,T1
21194,A1
22008,A0
22015,T0
22189,B1
22197,B0
22204,B1
22806,B0
25008,R
18127,T1
19121,A1
19848,B1
19855,B0
19863,B1
19934,T0
19934,A0
20529,B0
22934,R
23595,T1
24589,A1
25348,B1
25356,B0
25364,B1
25403,T0
25403,A0
26012,B0
28403,R
18067,T1
19061,A1
19844,T0
19844,A0
20224,B1
20231,B0
20239,B1
21244,B0
22844,R
25308,T1
26332,A1
26835,B1
26842,B0
26850,B1
27116,T0
27116,A0
27471,B0
30116,R
17165,T1
18159,A1
18973,A0
18980,T0
19160,B1
19167,B0
19175,B1
19942,B0
21973,R
28672,T1
29666,A1
30264,B1
30273,B0
30281,B1
30480,T0
30480,A0
30956,B0
33480,R
33931,T1
34955,A1
35227,B1
35740,T0
35740,A0
35852,B0
38740,R
19268,T1
20262,A1
21076,T0
21076,A0
24076,R
20318,T1
21312,A1
22066,B1
22126,A0
22134,T0
23143,B0
25126,R
23956,T1
24950,A1
25733,A0
25740,B1
25740,T0
26552,B0
28733,R
17436,T1
18430,A1
19243,T0
19243,A0
22243,R
20739,T1
21733,A1
22547,T0
22547,A0
22566,B1
22574,B0
22581,B1
23162,B0
25547,R
d2000,w80,m50,s300,p3
31344,T1
31833,A1
32629,T0
32629,A0
35629,R
29661,T1
30181,A1
30977,T0
30977,A0
33977,R
33291,T1
33781,A1
34577,T0
34577,A0
34857,B1
34866,B0
34873,B1
35445,B0
37577,R
24901,T1
25390,A1
26186,T0
26186,A0
26373,B1
27306,B0
29186,R
29235,T1
29725,A1
30521,T0
30521,A0
30940,B1
30947,B0
30955,B1
31764,B0
33521,R
29845,T1
30365,A1
31161,T0
31161,A0
31237,B1
31245,B0
31252,B1
32109,B0
34161,R
21788,T1
22278,A1
23074,T0
23074,A0
23781,B1
23789,B0
23796,B1
24538,B0
26074,R
23711,T1
24231,A1
25027,T0
25027,A0
25342,B1
26289,B0
28027,R
30639,T1
31159,A1
31954,T0
31954,A0
32066,B1
32962,B0
34954,R
22704,T1
23194,A1
23990,T0
23990,A0
24629,B1
24638,B0
24646,B1
25514,B0
26990,R
21483,T1
21973,A1
22768,T0
22768,A0
23233,B1
24155,B0
25768,R
21209,T1
21729,A1
22525,A0
22532,T0
23019,B1
23028,B0
23036,B1
23875,B0
25525,R
29110,B1
29118,B0
29125,B1
29673,B0
35092,B1
35248,T1
35768,A1
35843,B0
36564,T0
36564,A0
39564,R
26091,T1
26611,A1
27407,T0
27407,A0
30407,R
33963,T1
34453,A1
35279,T0
35279,A0
35707,B1
36813,B0
38279,R
34057,T1
34577,A1
35373,T0
35373,A0
35400,B1
36216,B0
38373,R
29998,T1
30487,A1
31314,T0
31314,A0
31659,B1
31666,B0
31674,B1
32329,B0
34314,R
21544,T1
22064,A1
22860,T0
22860,A0
23361,B1
23368,B0
23376,B1
24030,B0
25860,R
33660,T1
34180,A1
34976,T0
34976,A0
35330,B1
35337,B0
35345,B1
35952,B0
37976,R
18187,T1
18707,A1
19503,T0
19503,A0
21130,B1
21138,B0
21145,B1
22238,B0
22503,R
18828,T1
19318,A1
20114,T0
20114,A0
20670,B1
20679,B0
20687,B1
21557,B0
23114,R
22246,T1
22766,A1
23562,T0
23562,A0
24165,B1
24172,B0
24180,B1
25243,B0
26562,R
18065,T1
18555,A1
19350,T0
19350,A0
22350,R
16844,T1
17334,A1
18160,T0
18160,A0
18765,B1
18773,B0
18780,B1
19666,B0
21160,R
34240,T1
34760,A1
35556,T0
35556,A0
36055,B1
36064,B0
36071,B1
36950,B0
38556,R
34088,T1
34577,A1
35373,T0
35373,A0
35963,B1
36914,B0
38373,R
22002,T1
22492,A1
23287,T0
23287,A0
23964,B1
23973,B0
23981,B1
25322,B0
26287,R
34149,T1
34638,A1
35434,T0
35434,A0
35914,B1
36752,B0
38434,R
23223,T1
23743,A1
24539,T0
24539,A0
24877,B1
24885,B0
24892,B1
25821,B0
27539,R
18889,T1
19379,A1
20174,T0
20174,A0
21407,B1
21414,B0
21421,B1
22299,B0
23174,R
22002,T1
22523,A1
23318,T0
23318,A0
23818,B1
23826,B0
23833,B1
24576,B0
26318,R
32653,T1
33143,A1
33939,T0
33939,A0
34320,B1
34327,B0
34335,B1
35002,B0
36939,R
21636,T1
22156,A1
22951,T0
22951,A0
24207,B1
24214,B0
24222,B1
25228,B0
25951,R
25726,T1
26246,A1
27042,T0
27042,A0
27659,B1
28544,B0
30042,R
20201,T1
20691,A1
21517,T0
21517,A0
22122,B1
22130,B0
22137,B1
22968,B0
24517,R
18157,T1
18646,A1
19442,T0
19442,A0
20290,B1
20297,B0
20304,B1
21467,B0
22442,R
33630,T1
34119,A1
34844,B1
34852,B0
34859,B1
34915,T0
34915,A0
35710,B0
37915,R
23345,T1
23835,A1
24630,T0
24630,A0
24999,B1
25007,B0
25014,B1
25767,B0
27630,R
26183,T1
26704,A1
27500,T0
27500,A0
27728,B1
27735,B0
27742,B1
28280,B0
30500,R
21269,T1
21759,A1
22554,T0
22554,A0
22850,B1
22859,B0
22867,B1
23489,B0
25554,R
26184,T1
26704,A1
27499,T0
27499,A0
28775,B1
28783,B0
28790,B1
29885,B0
30499,R
21301,T1
21790,A1
22586,T0
22586,A0
22980,B1
22988,B0
22995,B1
23491,B0
25586,R
21575,T1
22095,A1
22891,T0
22891,A0
23133,B1
24119,B0
25891,R
23586,B1
23593,B0
23601,B1
24552,B0
29327,T1
29817,A1
30613,T0
30613,A0
33613,R
25511,T1
26031,A1
26827,T0
26827,A0
27174,B1
27182,B0
27189,B1
27918,B0
29827,R
22826,T1
23316,A1
24142,T0
24142,A0
24639,B1
24648,B0
24655,B1
25224,B0
27142,R
31921,T1
32410,A1
33206,A0
33213,T0
33491,B1
34344,B0
36206,R
34606,T1
35126,A1
35922,T0
35922,A0
36216,B1
36226,B0
36233,B1
36938,B0
38922,R
23833,T1
24353,A1
25149,T0
25149,A0
25634,B1
25641,B0
25649,B1
26499,B0
28149,R
26244,T1
26765,A1
27560,T0
27560,A0
27888,B1
27896,B0
27903,B1
28470,B0
30560,R
25573,T1
26063,A1
26858,T0
26858,A0
27296,B1
27303,B0
27311,B1
27814,B0
29858,R
28951,B1
29994,B0
33703,B1
33710,B0
33718,B1
34464,B0
35279,T1
35799,A1
36595,T0
36595,A0
39595,R
31615,T1
32105,A1
32900,T0
32900,A0
33362,B1
33371,B0
33379,B1
34177,B0
35900,R
21026,T1
21515,A1
22311,T0
22311,A0
25311,R
24931,T1
25451,A1
26247,T0
26247,A0
26858,B1
26865,B0
26873,B1
27552,B0
29247,R
21147,T1
21667,A1
22463,T0
22463,A0
22999,B1
23906,B0
25463,R
28075,T1
28565,A1
29361,T0
29361,A0
29936,B1
29944,B0
29951,B1
30871,B0
32361,R
29479,T1
29968,A1
30764,A0
30771,T0
31117,B1
31124,B0
31132,B1
31900,B0
33764,R
35430,T1
35920,A1
36715,T0
36715,A0
37465,B1
38334,B0
39715,R
27709,T1
28199,A1
29025,T0
29025,A0
29714,B1
29721,B0
29728,B1
30401,B0
32025,R
17455,T1
17945,A1
18741,T0
18741,A0
21741,R
32254,T1
32744,A1
33570,T0
33570,A0
33851,B1
34783,B0
36570,R
16295,T1
16785,A1
17580,T0
17580,A0
20580,R
27006,T1
27526,A1
28322,T0
28322,A0
28614,B1
29430,B0
31322,R
33965,T1
34455,A1
35251,T0
35251,A0
35499,B1
36229,B0
38251,R
20934,T1
21423,A1
22219,A0
22226,T0
23739,B1
23746,B0
23754,B1
24876,B0
25219,R
17119,T1
17639,A1
18435,T0
18435,A0
19166,B1
19174,B0
19181,B1
20038,B0
21435,R
