d2000,w80,m200,s300,p3
30669,T1
32688,A1
32807,B1
32814,B0
32822,B1
33486,T0
33486,A0
34334,B0
36486,R
16508,T1
18497,A1
18714,B1
18721,B0
18729,B1
19295,T0
19295,A0
20207,B0
22295,R
16477,T1
18467,A1
18900,B1
19294,A0
19301,T0
20249,B0
22294,R
27708,T1
29718,B1
29727,B0
29727,A1
29742,B1
30526,T0
30526,A0
31377,B0
33526,R
28227,T1
30247,A1
30285,B1
31045,A0
31052,T0
31885,B0
34045,R
20903,T1
22922,A1
23276,B1
23719,T0
23719,A0
24695,B0
26719,R
17272,T1
19261,A1
19821,B1
20057,T0
20057,A0
21282,B0
23057,R
27800,T1
29554,B1
29820,A1
30616,T0
30616,A0
31121,B0
33616,R
15654,T1
17643,A1
18355,B1
18439,A0
18446,T0
19772,B0
21439,R
33568,T1
35557,A1
35961,B1
36354,T0
36354,A0
37257,B0
39354,R
19499,T1
21519,A1
21593,B1
21600,B0
21608,B1
22316,A0
22324,T0
23090,B0
25316,R
25603,T1
27623,A1
28130,B1
28137,B0
28145,B1
28419,T0
28419,A0
29903,B0
31419,R
18554,T1
20543,A1
20836,B1
21340,T0
21340,A0
22496,B0
24340,R
23314,T1
25303,A1
25802,B1
26099,T0
26099,A0
27323,B0
29099,R
27312,T1
29332,A1
29479,B1
30129,T0
30129,A0
31075,B0
33129,R
28685,T1
30674,A1
30798,B1
31503,T0
31503,A0
32573,B0
34503,R
31889,T1
33878,A1
34453,B1
34705,T0
34705,A0
35744,B0
37705,R
24016,T1
26036,A1
26181,B1
26833,T0
26833,A0
28069,B0
29833,R
20110,T1
22130,A1
22880,B1
22926,T0
22926,A0
24434,B0
25926,R
21269,T1
23258,A1
23919,B1
24054,T0
24054,A0
25317,B0
27054,R
21605,T1
23625,A1
23767,B1
24422,T0
24422,A0
25617,B0
27422,R
33660,T1
35679,A1
36395,B1
36402,B0
36410,B1
36476,T0
36476,A0
37737,B0
39476,R
33446,T1
35435,A1
35641,B1
36232,T0
36232,A0
36858,B0
39232,R
19530,T1
21519,A1
22129,B1
22315,T0
22315,A0
23498,B0
25315,R
30700,T1
32623,B1
32689,A1
33485,T0
33485,A0
33929,B0
36485,R
23497,T1
25516,A1
25682,B1
26314,T0
26314,A0
26897,B0
29314,R
22337,T1
24357,A1
24735,B1
24742,B0
24750,B1
25154,T0
25154,A0
25890,B0
28154,R
14585,T1
16575,A1
17037,B1
17371,T0
17371,A0
18314,B0
20371,R
20934,T1
22954,A1
23356,B1
23750,T0
23750,A0
24682,B0
26750,R
30516,T1
32333,B1
32537,A1
33332,T0
33332,A0
34528,B0
36332,R
15227,T1
17216,A1
18012,T0
18012,A0
19102,B1
20578,B0
21012,R
25602,T1
27592,A1
27883,B1
28389,T0
28389,A0
29146,B0
31389,R
31248,T1
33099,B1
33268,A1
34064,T0
34064,A0
35291,B0
37064,R
15440,T1
17460,A1
18256,T0
18256,A0
18288,B1
20056,B0
21256,R
19163,T1
21152,A1
21298,B1
21981,T0
21981,A0
22899,B0
24981,R
29936,T1
31956,A1
31963,B1
32753,T0
32753,A0
33697,B0
35753,R
23192,T1
25212,A1
25826,B1
26008,T0
26008,A0
27125,B0
29008,R
25511,T1
27501,A1
27959,B1
28297,T0
28297,A0
29455,B0
31297,R
34148,T1
36137,A1
36358,B1
36935,T0
36935,A0
38038,B0
39935,R
23893,T1
25883,A1
26139,B1
26680,T0
26680,A0
27963,B0
29680,R
22428,T1
24448,A1
24763,B1
25245,T0
25245,A0
26296,B0
28245,R
30577,T1
32566,A1
32967,B1
33363,T0
33363,A0
36363,R
2199,B0
22948,T1
24937,A1
25273,B1
25765,T0
25765,A0
26721,B0
28765,R
34117,T1
36106,A1
36323,B1
36904,T0
36904,A0
38058,B0
39904,R
20475,T1
22495,A1
22822,B1
23292,A0
23300,T0
24601,B0
26292,R
30486,T1
32506,A1
32850,B1
33303,T0
33303,A0
34540,B0
36303,R
18675,T1
20694,A1
21490,T0
21490,A0
21588,B1
23565,B0
24490,R
24535,T1
26524,A1
26684,B1
26692,B0
26700,B1
27321,T0
27321,A0
28347,B0
30321,R
15532,T1
17552,A1
18337,B1
18348,T0
18348,A0
19888,B0
21348,R
15196,T1
17185,A1
17497,B1
17504,B0
17512,B1
17982,T0
17982,A0
18874,B0
20982,R
30364,T1
32353,A1
32420,B1
32427,B0
32435,B1
33150,A0
33158,T0
33755,B0
36150,R
15074,T1
17063,A1
17810,B1
17859,T0
17859,A0
19211,B0
20859,R
24962,T1
26951,A1
27235,B1
27748,T0
27748,A0
28510,B0
30748,R
27984,T1
30003,A1
30541,B1
30800,T0
30800,A0
32033,B0
33800,R
23253,T1
25242,A1
25556,B1
26039,T0
26039,A0
27086,B0
29039,R
22795,T1
24815,A1
24886,B1
25612,T0
25612,A0
26666,B0
28612,R
16295,T1
18284,A1
19080,T0
19080,A0
19607,B1
21322,B0
22080,R
15196,T1
17185,A1
17193,B1
17983,T0
17983,A0
18735,B0
20983,R
32256,T1
34245,A1
34887,B1
35041,T0
35041,A0
36004,B0
38041,R
29784,T1
31773,A1
32177,B1
32570,T0
32570,A0
33572,B0
35570,R
d2000,w80,m150,s150,p3
21451,T1
22957,A1
23770,T0
23770,A0
26770,R
20318,T1
21825,A1
22638,T0
22638,A0
25638,R
18967,T1
20473,A1
21286,T0
21286,A0
24286,R
22692,T1
24198,A1
24981,T0
24981,A0
27981,R
23082,T1
24588,A1
25372,T0
25372,A0
28372,R
19867,T1
21374,A1
22157,A0
22164,T0
25157,R
34707,T1
36213,A1
36874,B1
36881,B0
36889,B1
37027,T0
37027,A0
38078,B0
40027,R
26028,T1
27535,A1
27884,B1
28319,T0
28319,A0
29350,B0
31319,R
30836,T1
32342,A1
32589,B1
32596,B0
32604,B1
33127,T0
33127,A0
33863,B0
36127,R
30054,T1
31561,A1
31948,B1
32375,T0
32375,A0
33313,B0
35375,R
22844,T1
24320,A1
25133,T0
25133,A0
25164,B1
25173,B0
25180,B1
26506,B0
28133,R
16955,T1
18461,A1
19206,B1
19215,B0
19222,B1
19245,T0
19245,A0
20473,B0
22245,R
22213,T1
23719,A1
24040,B1
24503,T0
24503,A0
25264,B0
27503,R
17856,T1
19363,A1
19755,B1
19763,B0
19771,B1
20147,T0
20147,A0
21184,B0
23147,R
19989,T1
21496,A1
21857,B1
22310,T0
22310,A0
23489,B0
25310,R
18517,T1
20023,A1
20315,B1
20808,T0
20808,A0
21683,B0
23808,R
19479,T1
20985,A1
21499,B1
21769,T0
21769,A0
22957,B0
24769,R
21251,T1
22728,A1
23184,B1
23542,T0
23542,A0
24441,B0
26542,R
16714,T1
18220,A1
18800,B1
19004,T0
19004,A0
20147,B0
22004,R
17556,T1
19062,A1
19684,B1
19846,T0
19846,A0
20974,B0
22846,R
25909,T1
27415,A1
28065,B1
28229,A0
28236,T0
29144,B0
31229,R
15602,T1
17109,A1
17922,T0
17922,A0
18005,B1
19181,B0
20922,R
19359,T1
20865,A1
21463,B1
21649,T0
21649,A0
22595,B0
24649,R
21491,T1
22997,A1
23342,B1
23782,T0
23782,A0
24770,B0
26782,R
19809,T1
21315,A1
21733,B1
21741,B0
21748,B1
22100,T0
22100,A0
22986,B0
25100,R
25307,T1
26813,A1
27110,B1
27628,T0
27628,A0
28369,B0
30628,R
30325,T1
31831,A1
32348,B1
32645,T0
32645,A0
33517,B0
35645,R
18067,T1
19573,A1
20218,B1
20357,T0
20357,A0
21524,B0
23357,R
16684,T1
18190,A1
18781,B1
18974,T0
18974,A0
20141,B0
21974,R
34171,T1
35677,A1
36149,B1
36461,T0
36461,A0
37229,B0
39461,R
14912,T1
16418,A1
16903,B1
17233,T0
17233,A0
18512,B0
20233,R
30866,T1
32372,A1
32672,B1
33156,A0
33164,T0
34003,B0
36156,R
16204,T1
17710,A1
18228,B1
18525,T0
18525,A0
19779,B0
21525,R
27230,T1
28736,A1
29082,B1
29521,T0
29521,A0
30763,B0
32521,R
19869,T1
21375,A1
21970,B1
22159,T0
22159,A0
23501,B0
25159,R
15873,T1
17349,A1
17858,B1
18163,T0
18163,A0
19307,B0
21163,R
19509,T1
21015,A1
21243,B1
21800,T0
21800,A0
22812,B0
24800,R
19238,T1
20744,A1
21179,B1
21529,T0
21529,A0
22866,B0
24529,R
18607,T1
20113,A1
20718,B1
20927,T0
20927,A0
22247,B0
23927,R
17586,T1
19092,A1
19851,B1
19906,T0
19906,A0
21562,B0
22906,R
25668,T1
27174,A1
27722,B1
27958,T0
27958,A0
29082,B0
30958,R
27441,T1
28917,A1
29600,B1
29731,T0
29731,A0
30910,B0
32731,R
25698,T1
27204,A1
27943,B1
27987,T0
27987,A0
29130,B0
30987,R
24016,T1
25522,A1
25970,B1
26306,T0
26306,A0
27199,B0
29306,R
22694,T1
24200,A1
24600,B1
25015,T0
25015,A0
26286,B0
28015,R
25217,T1
26723,A1
27153,B1
27537,T0
27537,A0
28446,B0
30537,R
25548,T1
27024,A1
27622,B1
27838,T0
27838,A0
29020,B0
30838,R
15032,T1
16538,A1
17352,T0
17352,A0
17591,B1
19616,B0
20352,R
34411,T1
35917,A1
36181,B1
36188,B0
36196,B1
36732,T0
36732,A0
37448,B0
39732,R
18067,T1
19573,A1
20197,B1
20357,T0
20357,A0
21884,B0
23357,R
34020,T1
35526,A1
36309,A0
36317,T0
36324,B1
37522,B0
39309,R
30085,T1
31591,A1
31847,B1
32376,T0
32376,A0
33038,B0
35376,R
30475,T1
31981,A1
32581,B1
32796,T0
32796,A0
33832,B0
35796,R
25938,T1
27414,A1
28227,T0
28227,A0
28415,B1
30128,B0
31227,R
24046,T1
25552,A1
25878,B1
26367,T0
26367,A0
27840,B0
29367,R
33690,T1
35196,A1
35454,B1
35981,T0
35981,A0
36936,B0
38981,R
21371,T1
22877,A1
23493,B1
23501,B0
23508,B1
23691,T0
23691,A0
24597,B0
26691,R
24166,T1
25672,A1
26474,B1
26486,T0
26486,A0
28788,B0
29486,R
15422,T1
16898,A1
17712,T0
17712,A0
20712,R
23923,T1
25429,A1
26008,B1
26213,T0
26213,A0
27361,B0
29213,R
15933,T1
17439,A1
18223,T0
18223,A0
18246,B1
18254,B0
18261,B1
19773,B0
21223,R
33540,T1
35046,A1
35297,B1
35831,T0
35831,A0
36609,B0
38831,R
25547,T1
27054,A1
27233,B1
27869,T0
27869,A0
28761,B0
30869,R
15542,T1
17048,A1
17862,T0
17862,A0
18092,B1
20862,R
324,B0
28192,T1
29698,A1
30010,B1
30483,T0
30483,A0
31505,B0
33483,R
22422,T1
23929,A1
24166,B1
24744,T0
24744,A0
25590,B0
27744,R
15572,T1
17078,A1
17687,B1
17892,T0
17892,A0
19129,B0
20892,R
d2000,w80,m300,s300,p3
16275,T1
19274,A1
20069,T0
20069,A0
23069,R
21177,T1
24176,A1
25002,T0
25002,A0
28002,R
16721,T1
19750,A1
20546,T0
20546,A0
23546,R
21115,T1
24114,A1
24910,T0
24910,A0
27910,R
29355,T1
32354,A1
33149,T0
33149,A0
36149,R
16783,T1
19812,A1
20608,T0
20608,A0
23608,R
20566,T1
23565,A1
24361,T0
24361,A0
27361,R
28988,T1
31987,A1
32782,T0
32782,A0
35782,R
14463,T1
17462,A1
18258,A0
18265,T0
21258,R
23221,T1
26220,A1
26326,B1
27018,T0
27018,A0
27581,B0
30018,R
30302,T1
33244,B1
33301,A1
34127,A0
34135,T0
34599,B0
37127,R
32500,T1
35213,B1
35499,A1
36326,T0
36326,A0
36912,B0
39326,R
23069,T1
26036,B1
26068,A1
26895,A0
26902,T0
27696,B0
29895,R
13609,T1
16608,A1
16696,B1
17405,T0
17405,A0
18318,B0
20405,R
24412,T1
27351,B1
27442,A1
28238,T0
28238,A0
29144,B0
31238,R
20414,T1
23413,A1
23833,B1
24210,T0
24210,A0
25456,B0
27210,R
30516,T1
33515,A1
33715,B1
34312,T0
34312,A0
35323,B0
37312,R
21269,T1
24143,B1
24269,A1
25095,A0
25102,T0
25641,B0
28095,R
17759,T1
20758,A1
20778,B1
21556,T0
21556,A0
22239,B0
24556,R
18247,T1
21247,A1
21567,B1
22044,T0
22044,A0
23082,B0
25044,R
25480,T1
28479,A1
28884,B1
29276,T0
29276,A0
30127,B0
32276,R
25022,T1
28021,A1
28464,B1
28818,T0
28818,A0
29895,B0
31818,R
26152,T1
29151,A1
29788,B1
29797,B0
29804,B1
29947,T0
29947,A0
31348,B0
32947,R
19133,T1
22132,A1
22451,B1
22929,T0
22929,A0
24053,B0
25929,R
16263,T1
19262,A1
19739,B1
20059,T0
20059,A0
21590,B0
23059,R
24260,T1
27289,A1
27729,B1
28086,T0
28086,A0
29367,B0
31086,R
14250,T1
17249,A1
17633,B1
18046,T0
18046,A0
19086,B0
21046,R
28105,T1
31104,A1
31393,B1
31400,B0
31408,B1
31901,T0
31901,A0
33206,B0
34901,R
24198,T1
27197,A1
27648,B1
28025,T0
28025,A0
29379,B0
31025,R
33171,T1
36170,A1
36311,B1
36967,T0
36967,A0
37853,B0
39967,R
23527,T1
26498,B1
26527,A1
27322,T0
27322,A0
28264,B0
30322,R
14891,T1
17890,A1
18270,B1
18687,T0
18687,A0
19947,B0
21687,R
18858,T1
21382,B1
21390,B0
21397,B1
21888,A1
22683,T0
22683,A0
23460,B0
25683,R
13243,T1
16242,A1
16677,B1
17039,T0
17039,A0
17831,B0
20039,R
25785,T1
28784,A1
29201,B1
29581,T0
29581,A0
30685,B0
32581,R
22185,T1
25094,B1
25102,B0
25109,B1
25184,A1
25980,T0
25980,A0
26880,B0
28980,R
32286,T1
35285,A1
35665,B1
36112,T0
36112,A0
36933,B0
39112,R
30485,T1
33485,A1
33787,B1
34312,T0
34312,A0
35459,B0
37312,R
26152,T1
29151,A1
29356,B1
29948,A0
29956,T0
30745,B0
32948,R
24840,T1
27839,A1
28027,B1
28636,T0
28636,A0
29683,B0
31636,R
19438,T1
22437,A1
22646,B1
23234,T0
23234,A0
24234,B0
26234,R
32897,T1
35896,A1
36328,B1
36692,T0
36692,A0
37816,B0
39692,R
16814,T1
19813,A1
20018,B1
20610,T0
20610,A0
21554,B0
23610,R
24962,T1
27961,A1
28259,B1
28758,T0
28758,A0
29844,B0
31758,R
29051,T1
32080,A1
32286,B1
32878,T0
32878,A0
33749,B0
35878,R
32255,T1
35254,A1
35552,B1
35561,B0
35568,B1
36051,T0
36051,A0
36957,B0
39051,R
18980,T1
21979,A1
22068,B1
22777,T0
22777,A0
23736,B0
25777,R
24504,T1
27503,A1
28157,B1
28299,T0
28299,A0
29659,B0
31299,R
32591,T1
35590,A1
35737,B1
36387,T0
36387,A0
37318,B0
39387,R
28624,T1
31600,B1
31623,A1
32421,A0
32428,T0
33222,B0
35421,R
20048,T1
23047,A1
23343,B1
23844,T0
23844,A0
25034,B0
26844,R
13640,T1
16639,A1
16959,B1
17436,T0
17436,A0
18445,B0
20436,R
23222,T1
26221,A1
26394,B1
27018,T0
27018,A0
27997,B0
30018,R
30485,T1
33484,A1
33794,B1
34282,T0
34282,A0
35148,B0
37282,R
18308,T1
21307,A1
21685,B1
22104,T0
22104,A0
23189,B0
25104,R
18675,T1
21674,A1
22102,B1
22471,T0
22471,A0
23496,B0
25471,R
19224,T1
22195,B1
22203,B0
22210,B1
22223,A1
23019,T0
23019,A0
24049,B0
26019,R
16843,T1
19873,A1
20047,B1
20671,T0
20671,A0
21775,B0
23671,R
16080,T1
19079,A1
19330,B1
19877,T0
19877,A0
20854,B0
22877,R
28806,T1
31805,A1
32064,B1
32603,T0
32603,A0
33677,B0
35603,R
22001,T1
25000,A1
25373,B1
25797,T0
25797,A0
26925,B0
28797,R
30241,T1
33240,A1
33371,B1
34038,T0
34038,A0
34753,B0
37038,R
32591,T1
35590,A1
35870,B1
36387,T0
36387,A0
37298,B0
39387,R
27525,T1
30524,A1
30904,B1
31321,T0
31321,A0
32213,B0
34321,R
27525,T1
30554,A1
31294,B1
31351,T0
31351,A0
32420,B0
34351,R
23679,T1
26678,A1
27246,B1
27475,A0
27482,T0
28546,B0
30475,R
18156,T1
21155,A1
21475,B1
21952,T0
21952,A0
22926,B0
24952,R
30607,T1
33606,A1
33957,B1
34403,T0
34403,A0
35126,B0
37403,R
20079,T1
23078,A1
23312,B1
23875,T0
23875,A0
24693,B0
26875,R
d2000,w80,m200,s150,p3
25957,T1
27945,A1
28758,T0
28758,A0
31758,R
17465,T1
19453,A1
20267,T0
20267,A0
23267,R
33565,T1
35583,A1
36366,T0
36366,A0
39366,R
32605,T1
34593,A1
35079,B1
35407,T0
35407,A0
36251,B0
38407,R
20110,T1
22098,A1
22618,B1
22912,T0
22912,A0
23838,B0
25912,R
28943,T1
30961,A1
31214,B1
31746,T0
31746,A0
32579,B0
34746,R
25127,T1
27146,A1
27737,B1
27745,B0
27752,B1
27929,A0
27937,T0
28887,B0
30929,R
33029,T1
34981,B1
34989,B0
34997,B1
35018,A1
35831,T0
35831,A0
36563,B0
38831,R
24226,T1
26214,A1
26852,B1
27028,A0
27036,T0
28103,B0
30028,R
22303,T1
24291,A1
24570,B1
25106,T0
25106,A0
25936,B0
28106,R
32789,T1
34777,A1
35072,B1
35080,B0
35087,B1
35592,T0
35592,A0
36518,B0
38592,R
21341,T1
23329,A1
23969,B1
24143,T0
24143,A0
25194,B0
27143,R
27771,T1
29790,A1
30047,B1
30574,T0
30574,A0
31339,B0
33574,R
22093,T1
24081,A1
24507,B1
24515,B0
24522,B1
24865,T0
24865,A0
25879,B0
27865,R
22574,T1
24592,A1
25045,B1
25052,B0
25060,B1
25376,T0
25376,A0
26527,B0
28376,R
20651,T1
22639,A1
22960,B1
23454,T0
23454,A0
24282,B0
26454,R
24886,T1
26905,A1
27181,B1
27689,T0
27689,A0
28488,B0
30689,R
21702,T1
23721,A1
24024,B1
24505,T0
24505,A0
25216,B0
27505,R
24947,T1
26935,A1
27009,B1
27017,B0
27024,B1
27751,A0
27758,T0
28467,B0
30751,R
16233,T1
18252,A1
18944,B1
19036,T0
19036,A0
20286,B0
22036,R
14521,T1
16539,A1
17322,T0
17322,A0
17386,B1
18710,B0
20322,R
27832,T1
29820,A1
30071,B1
30635,T0
30635,A0
31287,B0
33635,R
23444,T1
25432,A1
25813,B1
25821,B0
25828,B1
26247,T0
26247,A0
26927,B0
29247,R
32999,T1
35017,A1
35249,B1
35802,T0
35802,A0
36526,B0
38802,R
25398,T1
27386,A1
27855,B1
28200,T0
28200,A0
29468,B0
31200,R
14251,T1
16239,A1
17053,T0
17053,A0
17246,B1
18777,B0
20053,R
16804,T1
18743,B1
18823,A1
19606,T0
19606,A0
20521,B0
20529,B1
20536,B0
22606,R
32548,T1
34567,A1
34752,B1
35352,T0
35352,A0
36296,B0
38352,R
30505,T1
32493,A1
32724,B1
33308,T0
33308,A0
34008,B0
36308,R
17436,T1
19454,A1
20229,B1
20237,T0
20237,A0
21942,B0
23237,R
18217,T1
20205,A1
20579,B1
21020,T0
21020,A0
22129,B0
24020,R
23595,T1
25583,A1
25819,B1
26398,T0
26398,A0
27175,B0
29398,R
23775,T1
25793,A1
26192,B1
26578,T0
26578,A0
27457,B0
29578,R
16083,T1
18101,A1
18832,B1
18885,T0
18885,A0
20502,B0
21885,R
24857,T1
26845,A1
27138,B1
27660,T0
27660,A0
28481,B0
30660,R
26118,T1
28106,A1
28359,B1
28921,T0
28921,A0
29993,B0
31921,R
23385,T1
25403,A1
25671,B1
26188,T0
26188,A0
27496,B0
29188,R
32668,T1
34656,A1
34744,B1
35472,T0
35472,A0
36153,B0
38472,R
19719,T1
21707,A1
22361,B1
22521,T0
22521,A0
23780,B0
25521,R
22994,T1
24982,A1
25058,B1
25797,T0
25797,A0
26888,B0
28797,R
28372,T1
30360,A1
30638,B1
31175,T0
31175,A0
32141,B0
34175,R
32519,T1
34537,A1
35081,B1
35321,T0
35321,A0
36296,B0
38321,R
23865,T1
25853,A1
26021,B1
26669,T0
26669,A0
27582,B0
29669,R
14671,T1
16659,A1
17472,T0
17472,A0
17625,B1
17633,B0
17640,B1
19129,B0
20472,R
22213,T1
24201,A1
24734,B1
25016,T0
25016,A0
26198,B0
28016,R
31316,T1
33304,A1
33659,B1
34119,T0
34119,A0
34840,B0
37119,R
18698,T1
20716,A1
21282,B1
21500,T0
21500,A0
23043,B0
24500,R
21762,T1
23780,A1
24068,B1
24565,T0
24565,A0
25540,B0
27565,R
30205,T1
32193,A1
32616,B1
33007,T0
33007,A0
36007,R
1968,B0
28072,T1
30060,A1
30399,B1
30875,A0
30882,T0
31530,B0
33875,R
26239,T1
28227,A1
28354,B1
29042,T0
29042,A0
29512,B0
32042,R
16053,T1
18042,A1
18855,A0
18862,T0
18984,B1
18992,B0
18999,B1
20025,B0
21855,R
33330,T1
35318,A1
35442,B1
36133,T0
36133,A0
36730,B0
39133,R
33870,T1
35889,A1
35980,B1
36674,T0
36674,A0
37418,B0
39674,R
32729,T1
34747,A1
35228,B1
35531,T0
35531,A0
36557,B0
38531,R
33870,T1
35822,B1
35829,B0
35837,B1
35859,A1
36672,T0
36672,A0
37350,B0
39672,R
33059,T1
35078,A1
35109,B1
35863,T0
35863,A0
36529,B0
38863,R
14792,T1
16810,A1
17593,T0
17593,A0
17774,B1
19351,B0
20593,R
23775,T1
25764,A1
26258,B1
26265,B0
26273,B1
26578,A0
26585,T0
27808,B0
29578,R
33570,T1
35558,A1
35730,B1
36373,T0
36373,A0
37517,B0
39373,R
32939,T1
34957,A1
35478,B1
35741,T0
35741,A0
36992,B0
38741,R
28523,T1
30541,A1
31051,B1
31325,T0
31325,A0
32406,B0
34325,R
22783,T1
24802,A1
25174,B1
25182,B0
25189,B1
25586,T0
25586,A0
26909,B0
28586,R
d2000,w80,m150,s300,p3
21311,T1
22810,A1
23606,T0
23606,A0
26606,R
27951,T1
29451,A1
30246,T0
30246,A0
33246,R
16478,T1
17977,A1
18773,A0
18780,T0
21773,R
28928,T1
30427,A1
31254,T0
31254,A0
34254,R
30453,T1
31953,A1
32749,T0
32749,A0
35749,R
30026,T1
31525,A1
32091,B1
32322,T0
32322,A0
33512,B0
35322,R
26518,T1
28018,A1
28183,B1
28815,T0
28815,A0
29754,B0
31815,R
31859,T1
33359,A1
33631,B1
34156,A0
34164,T0
34951,B0
37156,R
25084,T1
26584,A1
26835,B1
27381,T0
27381,A0
28201,B0
30381,R
19652,T1
21151,A1
21947,T0
21947,A0
21993,B1
23320,B0
24947,R
27373,T1
28872,A1
29025,B1
29670,T0
29670,A0
30385,B0
32670,R
24382,T1
25882,A1
26186,B1
26679,T0
26679,A0
27342,B0
29679,R
34514,T1
36013,A1
36182,B1
36811,T0
36811,A0
37484,B0
39811,R
24474,T1
25973,A1
25981,B1
26802,T0
26802,A0
27682,B0
29802,R
25358,T1
26888,A1
27416,B1
27685,T0
27685,A0
28938,B0
30685,R
34636,T1
36136,A1
36338,B1
36933,T0
36933,A0
37608,B0
39933,R
26244,T1
27774,A1
27847,B1
27855,B0
27862,B1
28572,T0
28572,A0
29059,B0
31572,R
17118,T1
18618,A1
19413,T0
19413,A0
19940,B1
22289,B0
22413,R
32989,T1
34488,A1
34789,B1
35285,T0
35285,A0
36140,B0
38285,R
33386,T1
34885,A1
35089,B1
35682,T0
35682,A0
36368,B0
38682,R
33263,T1
34763,A1
35143,B1
35560,T0
35560,A0
36304,B0
38560,R
15440,T1
16939,A1
17735,T0
17735,A0
18824,B1
20387,B0
20735,R
26336,T1
27835,A1
28306,B1
28632,A0
28639,T0
29522,B0
31632,R
16874,T1
18374,A1
19170,T0
19170,A0
19446,B1
19453,B0
19461,B1
20863,B0
22170,R
30730,T1
32229,A1
32591,B1
33026,T0
33026,A0
33886,B0
36026,R
14830,T1
16330,A1
17125,T0
17125,A0
17151,B1
19918,B0
20125,R
34087,T1
35587,A1
35817,B1
36384,T0
36384,A0
37016,B0
39384,R
20659,T1
22159,A1
22511,B1
22956,T0
22956,A0
24042,B0
25956,R
30760,T1
32260,A1
32653,B1
33057,T0
33057,A0
33924,B0
36057,R
22246,T1
23745,A1
24174,B1
24542,T0
24542,A0
25453,B0
27542,R
18706,T1
20205,A1
20792,B1
20800,B0
20807,B1
21002,T0
21002,A0
21992,B0
24002,R
29417,T1
30917,A1
31173,B1
31714,T0
31714,A0
32519,B0
34714,R
16783,T1
18283,A1
19078,T0
19078,A0
19515,B1
21850,B0
22078,R
28350,T1
29850,A1
30206,B1
30646,A0
30654,T0
31649,B0
33646,R
22857,T1
24356,A1
24777,B1
25153,T0
25153,A0
26478,B0
28153,R
26061,T1
27560,A1
28058,B1
28357,A0
28364,T0
29346,B0
31357,R
20170,T1
21670,A1
22186,B1
22467,T0
22467,A0
23530,B0
25467,R
33049,T1
34548,A1
34952,B1
35345,T0
35345,A0
36310,B0
38345,R
25115,T1
26614,A1
27242,B1
27411,T0
27411,A0
28899,B0
30411,R
32316,T1
33816,A1
34065,B1
34613,T0
34613,A0
35417,B0
37613,R
26946,T1
28445,A1
29241,T0
29241,A0
29263,B1
30556,B0
32241,R
29632,T1
31131,A1
31400,B1
31928,T0
31928,A0
32563,B0
34928,R
20537,T1
22037,A1
22567,B1
22864,T0
22864,A0
23734,B0
25864,R
25145,T1
26644,A1
27186,B1
27441,T0
27441,A0
28545,B0
30441,R
33690,T1
35190,A1
35678,B1
35986,T0
35986,A0
37141,B0
38986,R
31829,T1
33329,A1
33973,B1
34125,T0
34125,A0
35160,B0
37125,R
23711,T1
25210,A1
25619,B1
26038,T0
26038,A0
27094,B0
29038,R
33904,T1
35403,A1
35866,B1
36200,T0
36200,A0
37255,B0
39200,R
21025,T1
22524,A1
23242,B1
23321,T0
23321,A0
25120,B0
26321,R
18797,T1
20296,A1
20855,B1
21093,T0
21093,A0
22111,B0
24093,R
26427,T1
27926,A1
28487,B1
28753,T0
28753,A0
29748,B0
31753,R
15074,T1
16574,A1
17400,T0
17400,A0
17514,B1
18973,B0
20400,R
19103,T1
20603,A1
21429,T0
21429,A0
21671,B1
24429,R
1958,B0
27922,T1
29422,A1
29881,B1
30219,T0
30219,A0
33219,R
1096,B0
29661,T1
31161,A1
31735,B1
31957,T0
31957,A0
32717,B0
34957,R
21270,T1
22769,A1
23382,B1
23566,T0
23566,A0
24617,B0
26566,R
22245,T1
23745,A1
24071,B1
24542,T0
24542,A0
25192,B0
27542,R
34606,T1
36105,A1
36429,B1
36933,A0
36940,T0
37537,B0
39933,R
17943,T1
19442,A1
20237,B1
20269,T0
20269,A0
21310,B0
23269,R
18706,T1
20205,A1
21031,T0
21031,A0
21212,B1
22443,B0
24031,R
30517,T1
32016,A1
32281,B1
32813,T0
32813,A0
33428,B0
35813,R
34545,T1
36045,A1
36265,B1
36842,T0
36842,A0
37418,B0
39842,R
27312,T1
28812,A1
29277,B1
29608,T0
29608,A0
30404,B0
32608,R
22551,T1
24051,A1
24513,B1
24520,B0
24528,B1
24847,T0
24847,A0
25649,B0
27847,R
16143,T1
17642,A1
18468,T0
18468,A0
18636,B1
19962,B0
21468,R
d2000,w80,m50,s300,p3
33109,T1
33629,A1
34425,T0
34425,A0
37425,R
31827,T1
32317,A1
33143,T0
33143,A0
36143,R
27982,T1
28472,A1
29298,T0
29298,A0
32298,R
31522,T1
32042,A1
32838,T0
32838,A0
35838,R
18644,T1
19165,A1
19960,T0
19960,A0
22960,R
27189,T1
27679,A1
28475,T0
28475,A0
29301,B1
29309,B0
29316,B1
30426,B0
31475,R
17760,T1
18249,A1
19045,T0
19045,A0
19681,B1
21433,B0
22045,R
31524,T1
32013,A1
32809,T0
32809,A0
33397,B1
34697,B0
35809,R
28716,T1
29206,A1
30002,T0
30002,A0
30246,B1
31930,B0
33002,R
31188,T1
31677,A1
32504,T0
32504,A0
32753,B1
34136,B0
35504,R
17210,T1
17700,A1
18496,T0
18496,A0
19015,B1
20669,B0
21496,R
30035,B1
30042,B0
30050,B1
33775,B0
33935,T1
34456,A1
35251,T0
35251,A0
38251,R
22429,T1
22950,A1
23745,A0
23753,T0
24101,B1
25690,B0
26745,R
19775,T1
20295,A1
21091,T0
21091,A0
21633,B1
22870,B0
24091,R
22276,T1
22766,A1
23562,T0
23562,A0
23957,B1
25169,B0
26562,R
26060,B1
28198,T1
28718,A1
29514,T0
29514,A0
29662,B0
32514,R
21147,T1
21637,A1
22433,T0
22433,A0
22944,B1
24460,B0
25433,R
29372,B1
33087,B0
35491,T1
35981,A1
36776,T0
36776,A0
39776,R
25755,T1
26275,A1
27071,A0
27078,T0
27336,B1
28808,B0
30071,R
16600,T1
17121,A1
17916,T0
17916,A0
18773,B1
18782,B0
18789,B1
20916,R
858,B0
22338,T1
22828,A1
23623,T0
23623,A0
24055,B1
25332,B0
26623,R
19225,T1
19715,A1
20511,T0
20511,A0
21116,B1
21125,B0
21133,B1
22431,B0
23511,R
23619,T1
24109,A1
24905,T0
24905,A0
25442,B1
26486,B0
27905,R
22508,B1
22516,B0
22523,B1
26120,B0
30425,T1
30945,A1
31741,T0
31741,A0
34741,R
31980,T1
32469,A1
33265,T0
33265,A0
33976,B1
34832,B0
36265,R
28136,T1
28656,A1
29452,T0
29452,A0
29901,B1
30954,B0
32452,R
29083,T1
29603,A1
30399,T0
30399,A0
30729,B1
31962,B0
33399,R
25450,B1
30512,B0
33843,T1
34363,A1
35159,T0
35159,A0
38159,R
30393,T1
30913,A1
31709,T0
31709,A0
32034,B1
33389,B0
34709,R
33111,T1
33600,A1
34396,T0
34396,A0
34611,B1
35869,B0
37396,R
29448,T1
29969,A1
30764,T0
30764,A0
31031,B1
32116,B0
33764,R
27038,T1
27558,A1
28354,T0
28354,A0
28469,B1
28476,B0
28484,B1
29564,B0
31354,R
15715,T1
16236,A1
17031,T0
17031,A0
17776,B1
19252,B0
20031,R
22277,T1
22767,A1
23593,A0
23601,T0
24135,B1
25670,B0
26593,R
22674,T1
23163,A1
23959,T0
23959,A0
24168,B1
25451,B0
26959,R
25878,T1
26368,A1
27194,T0
27194,A0
27585,B1
28524,B0
30194,R
25451,T1
25940,A1
26736,T0
26736,A0
26973,B1
28172,B0
29736,R
27393,B1
27401,B0
27408,B1
27954,T1
28443,A1
28581,B0
29239,A0
29246,T0
32239,R
29204,T1
29725,A1
30520,T0
30520,A0
30764,B1
31866,B0
33520,R
30548,T1
31037,A1
31833,T0
31833,A0
32153,B1
33324,B0
34833,R
29143,T1
29633,A1
30429,T0
30429,A0
30881,B1
30888,B0
30896,B1
31829,B0
33429,R
26854,T1
27344,A1
28139,T0
28139,A0
28452,B1
29554,B0
31139,R
24902,T1
25422,A1
26218,T0
26218,A0
26578,B1
27903,B0
29218,R
28808,T1
29297,A1
30124,A0
30131,T0
30578,B1
31804,B0
33124,R
19957,T1
20477,A1
21273,T0
21273,A0
21995,B1
24038,B0
24273,R
27984,T1
28473,A1
29269,T0
29269,A0
30281,B1
31066,B0
32269,R
34026,T1
34516,A1
35342,T0
35342,A0
35649,B1
36721,B0
38342,R
19469,T1
19959,A1
20755,T0
20755,A0
21763,B1
21771,B0
21778,B1
23217,B0
23755,R
15837,T1
16327,A1
17153,T0
17153,A0
18023,B1
19743,B0
20153,R
34179,T1
34699,A1
35495,T0
35495,A0
36165,B1
37605,B0
38495,R
28472,T1
28961,A1
29757,T0
29757,A0
30203,B1
31271,B0
32757,R
25665,T1
26185,A1
26980,A0
26988,T0
27175,B1
28709,B0
29980,R
26123,T1
26612,A1
27408,T0
27408,A0
27565,B1
28702,B0
30408,R
30961,B1
30969,B0
30976,B1
32840,B0
34760,T1
35280,A1
36076,T0
36076,A0
39076,R
24840,T1
25329,A1
26125,T0
26125,A0
26328,B1
27577,B0
29125,R
32348,T1
32837,A1
33576,B1
33584,B0
33591,B1
33633,A0
33641,T0
34557,B0
36633,R
25237,T1
25727,A1
26523,T0
26523,A0
26922,B1
28130,B0
29523,R
26458,T1
26947,A1
27510,B1
27518,B0
27525,B1
27744,T0
27744,A0
28575,B0
30744,R
33335,B1
34270,T1
34371,B0
34791,A1
35586,T0
35586,A0
38586,R
17638,T1
18128,A1
18923,T0
18923,A0
21923,R
1410,B1
2501,B0
25207,T1
25696,A1
26523,T0
26523,A0
28635,B1
28642,B0
28650,B1
29523,R
342,B0
22765,T1
23285,A1
24080,T0
24080,A0
24627,B1
25776,B0
27080,R
29151,B1
29159,B0
29167,B1
30322,B0
33661,T1
34151,A1
34977,A0
34985,T0
37977,R
20568,T1
21058,A1
21853,T0
21853,A0
22877,B1
22884,B0
22892,B1
24287,B0
24853,R
26031,T1
26521,A1
27347,T0
27347,A0
27500,B1
28470,B0
30347,R
16692,T1
17181,A1
18008,T0
18008,A0
20271,B1
21008,R
d2000,w80,m300,s150,p3
669,B0
21330,T1
24312,A1
25125,T0
25125,A0
28125,R
29811,T1
32823,A1
33636,T0
33636,A0
36636,R
30982,T1
33965,A1
34468,B1
34779,T0
34779,A0
35591,B0
37779,R
19598,T1
22463,B1
22611,A1
23395,T0
23395,A0
23662,B0
26395,R
29874,T1
32856,A1
33065,B1
33671,T0
33671,A0
34122,B0
36671,R
16594,T1
19607,A1
20027,B1
20391,T0
20391,A0
21209,B0
23391,R
32728,T1
35711,A1
36323,B1
36330,B0
36338,B1
36525,A0
36532,T0
37499,B0
39525,R
22363,T1
25345,A1
25774,B1
26159,T0
26159,A0
27153,B0
29159,R
18607,T1
21590,A1
21787,B1
22405,T0
22405,A0
23251,B0
25405,R
25608,T1
28620,A1
28850,B1
29405,T0
29405,A0
29936,B0
32405,R
17495,T1
20508,A1
20787,B1
20796,B0
20804,B1
21292,T0
21292,A0
22162,B0
24292,R
32759,T1
35565,B1
35741,A1
36555,T0
36555,A0
36949,B0
39555,R
30114,T1
33097,A1
33322,B1
33912,T0
33912,A0
34524,B0
36912,R
30475,T1
33487,A1
33628,B1
33635,B0
33643,B1
34302,T0
34302,A0
34926,B0
37302,R
21101,T1
24114,A1
24400,B1
24898,T0
24898,A0
25689,B0
27898,R
26449,T1
29432,A1
29572,B1
30247,T0
30247,A0
31082,B0
33247,R
13920,T1
16933,A1
17414,B1
17747,T0
17747,A0
18751,B0
20747,R
17315,T1
20297,A1
20766,B1
21112,T0
21112,A0
22040,B0
24112,R
18306,T1
21319,A1
21606,B1
22104,T0
22104,A0
22940,B0
25104,R
27710,T1
30723,A1
30848,B1
30856,B0
30863,B1
31538,T0
31538,A0
32333,B0
34538,R
15152,T1
18164,A1
18456,B1
18979,T0
18979,A0
19865,B0
21979,R
18517,T1
21500,A1
21930,B1
21939,B0
21947,B1
22314,T0
22314,A0
23280,B0
25314,R
24226,T1
27238,A1
27563,B1
28023,T0
28023,A0
28920,B0
31023,R
25487,T1
28500,A1
28713,B1
29285,T0
29285,A0
30092,B0
32285,R
27650,T1
30633,A1
30726,B1
31448,T0
31448,A0
32178,B0
34448,R
13890,T1
16903,A1
17231,B1
17687,T0
17687,A0
18752,B0
20687,R
30836,T1
33848,A1
34001,B1
34633,T0
34633,A0
35365,B0
37633,R
30625,T1
33638,A1
33681,B1
34423,T0
34423,A0
35053,B0
37423,R
23084,T1
26066,A1
26529,B1
26881,T0
26881,A0
28022,B0
29881,R
29483,T1
32496,A1
32653,B1
33281,T0
33281,A0
34100,B0
36281,R
28071,T1
31083,A1
31804,B1
31897,T0
31897,A0
33278,B0
34897,R
30956,T1
33968,A1
34037,B1
34784,T0
34784,A0
35626,B0
37784,R
20350,T1
23362,A1
23913,B1
24146,T0
24146,A0
25471,B0
27146,R
21702,T1
24714,A1
24877,B1
25499,T0
25499,A0
26331,B0
28499,R
15453,T1
18465,A1
18993,B1
19249,T0
19249,A0
20438,B0
22249,R
16504,T1
19486,A1
19933,B1
20301,T0
20301,A0
21247,B0
23301,R
32097,T1
35080,A1
35205,B1
35895,T0
35895,A0
36466,B0
38895,R
17946,T1
20942,B1
20949,B0
20957,B1
20957,A1
21774,T0
21774,A0
22543,B0
24774,R
24316,T1
27328,A1
27502,B1
28113,T0
28113,A0
28768,B0
31113,R
15242,T1
18103,B1
18255,A1
19038,T0
19038,A0
19790,B0
22038,R
15332,T1
18345,A1
18406,B1
19160,T0
19160,A0
19749,B0
22160,R
31347,T1
34359,A1
34538,B1
35174,T0
35174,A0
35906,B0
38174,R
20170,T1
23182,A1
23669,B1
23966,T0
23966,A0
24949,B0
26966,R
22243,T1
24651,B1
25225,A1
26039,T0
26039,A0
26177,B0
29039,R
25547,T1
28530,A1
28762,B1
29345,T0
29345,A0
30004,B0
32345,R
21461,T1
24474,A1
24560,B1
25259,T0
25259,A0
25873,B0
28259,R
32398,T1
35297,B1
35411,A1
36224,T0
36224,A0
36869,B0
39224,R
16864,T1
19847,A1
20261,B1
20662,T0
20662,A0
21660,B0
23662,R
25006,T1
27989,A1
28453,B1
28803,T0
28803,A0
29878,B0
31803,R
24045,T1
27058,A1
27445,B1
27842,T0
27842,A0
29116,B0
30842,R
16444,T1
19456,A1
19778,B1
20271,T0
20271,A0
21290,B0
23271,R
16204,T1
19216,A1
19934,B1
20000,T0
20000,A0
21369,B0
23000,R
19088,T1
22100,A1
22111,B1
22885,T0
22885,A0
23454,B0
25885,R
22363,T1
25346,A1
25840,B1
26160,T0
26160,A0
27271,B0
29160,R
28732,T1
31745,A1
32227,B1
32529,T0
32529,A0
33835,B0
35529,R
30024,T1
33037,A1
33199,B1
33822,T0
33822,A0
34914,B0
36822,R
23474,T1
26487,A1
26722,B1
27271,T0
27271,A0
28058,B0
30271,R
22303,T1
25280,B1
25316,A1
26129,T0
26129,A0
26744,B0
29129,R
21011,T1
24024,A1
24387,B1
24808,T0
24808,A0
25630,B0
27808,R
24856,T1
27839,A1
28018,B1
28654,A0
28661,T0
29642,B0
31654,R
28282,T1
31294,A1
31554,B1
32079,T0
32079,A0
33259,B0
35079,R
24946,T1
27959,A1
28347,B1
28743,T0
28743,A0
29687,B0
31743,R
d2000,w80,m250,s300,p3
31258,T1
33768,A1
34564,T0
34564,A0
37564,R
14859,T1
17369,A1
18164,A0
18172,T0
21164,R
23344,T1
25853,A1
26649,T0
26649,A0
29649,R
14463,T1
16972,A1
17768,T0
17768,A0
20768,R
32955,T1
35465,A1
36261,T0
36261,A0
39261,R
13883,T1
16392,A1
17188,T0
17188,A0
20188,R
14524,T1
17034,A1
17829,T0
17829,A0
20829,R
25083,T1
27592,A1
28388,T0
28388,A0
31388,R
23343,T1
25853,A1
26115,B1
26650,T0
26650,A0
27249,B0
29650,R
31798,T1
34307,A1
34549,B1
34558,B0
34565,B1
35104,T0
35104,A0
35809,B0
38104,R
29387,T1
31860,B1
31860,A1
32695,T0
32695,A0
33255,B0
35695,R
28990,T1
31499,A1
31721,B1
32296,T0
32296,A0
33356,B0
35296,R
29265,T1
31775,A1
32171,B1
32572,T0
32572,A0
33652,B0
35572,R
31309,T1
33788,A1
34262,B1
34270,B0
34277,B1
34616,T0
34616,A0
35464,B0
37616,R
32957,T1
35176,B1
35185,B0
35192,B1
35467,A1
36263,A0
36270,T0
36317,B0
39263,R
17881,T1
20390,A1
21186,T0
21186,A0
21246,B1
21254,B0
21261,B1
22802,B0
24186,R
25634,T1
28112,A1
28457,B1
28466,B0
28473,B1
28909,T0
28909,A0
29769,B0
31909,R
14372,T1
16851,A1
17261,B1
17268,B0
17276,B1
17648,T0
17648,A0
18410,B0
20648,R
30028,T1
32322,B1
32330,B0
32338,B1
32537,A1
33333,T0
33333,A0
33832,B0
36333,R
32744,T1
35253,A1
35339,B1
36051,T0
36051,A0
36706,B0
39051,R
28380,T1
30889,A1
31218,B1
31686,T0
31686,A0
32659,B0
34686,R
16081,T1
18591,A1
18893,B1
19388,T0
19388,A0
20579,B0
22388,R
21361,T1
23839,A1
24181,B1
24636,T0
24636,A0
25807,B0
27636,R
18706,T1
21215,A1
21500,B1
21507,B0
21515,B1
22012,T0
22012,A0
23285,B0
25012,R
16081,T1
18560,A1
19386,T0
19386,A0
22386,R
27341,T1
29790,B1
29851,A1
30647,T0
30647,A0
31764,B0
33647,R
17454,T1
19963,A1
20171,B1
20760,A0
20768,T0
22421,B0
23760,R
19286,T1
21795,A1
22457,B1
22592,T0
22592,A0
24371,B0
25592,R
17668,T1
20177,A1
20217,B1
20975,T0
20975,A0
22220,B0
23975,R
29448,T1
31957,A1
32248,B1
32754,T0
32754,A0
35754,R
587,B0
22459,T1
24938,A1
25064,B1
25736,A0
25743,T0
27043,B0
28736,R
24046,T1
26555,A1
26787,B1
27353,T0
27353,A0
28357,B0
30353,R
17667,T1
20177,A1
20711,B1
20973,T0
20973,A0
22048,B0
23973,R
33263,T1
35772,A1
36217,B1
36569,T0
36569,A0
37432,B0
39569,R
19530,T1
22039,A1
22140,B1
22836,T0
22836,A0
23750,B0
25836,R
23558,T1
26068,A1
26313,B1
26865,T0
26865,A0
27769,B0
29865,R
33385,T1
35894,A1
36275,B1
36283,B0
36290,B1
36691,T0
36691,A0
37353,B0
39691,R
24962,T1
27361,B1
27370,B0
27378,B1
27472,A1
28268,T0
28268,A0
28833,B0
31268,R
19407,T1
21886,A1
22417,B1
22713,T0
22713,A0
23892,B0
25713,R
25542,T1
28051,A1
28442,B1
28450,B0
28457,B1
28848,T0
28848,A0
29897,B0
31848,R
28196,T1
30706,A1
30871,B1
31503,T0
31503,A0
32408,B0
34503,R
24260,T1
26739,A1
27186,B1
27536,T0
27536,A0
28909,B0
30536,R
26976,T1
29485,A1
29882,B1
30282,T0
30282,A0
31554,B0
33282,R
22368,T1
24877,A1
25673,T0
25673,A0
26016,B1
26025,B0
26033,B1
27873,B0
28673,R
25633,T1
28143,A1
28440,B1
28940,T0
28940,A0
30279,B0
31940,R
19713,T1
22222,A1
22571,B1
23019,T0
23019,A0
24158,B0
26019,R
23832,T1
26311,A1
26423,B1
27109,T0
27109,A0
29064,B0
30109,R
25246,B1
25254,B0
25261,B1
27373,T1
27610,B0
29882,A1
30127,B1
30135,B0
30142,B1
30680,T0
30680,A0
31320,B0
33680,R
17118,T1
19628,A1
20114,B1
20424,A0
20432,T0
21578,B0
23424,R
16447,T1
18957,A1
19024,B1
19031,B0
19039,B1
19754,T0
19754,A0
20447,B0
22754,R
30364,T1
32873,A1
33241,B1
33670,T0
33670,A0
34434,B0
36670,R
14983,T1
17492,A1
17917,B1
17926,B0
17933,B1
18289,T0
18289,A0
19068,B0
21289,R
28471,T1
30981,A1
31776,T0
31776,A0
31791,B1
33113,B0
34776,R
22460,T1
24941,B1
24948,B0
24956,B1
24969,A1
25767,A0
25775,T0
26302,B0
28767,R
21025,T1
23535,A1
23913,B1
24331,T0
24331,A0
25165,B0
27331,R
26793,T1
29120,B1
29129,B0
29137,B1
29303,A1
30099,A0
30106,T0
30675,B0
33099,R
16233,T1
18712,A1
19307,B1
19539,T0
19539,A0
20774,B0
22539,R
25389,T1
27899,A1
28182,B1
28190,B0
28197,B1
28695,T0
28695,A0
29331,B0
31695,R
26000,T1
28479,A1
28701,B1
29276,T0
29276,A0
29879,B0
32276,R
23924,T1
26076,B1
26434,A1
27230,T0
27230,A0
27824,B0
30230,R
14219,T1
16698,A1
16741,B1
16749,B0
16756,B1
17495,T0
17495,A0
18189,B0
20495,R
25359,T1
27868,A1
28419,B1
28426,B0
28434,B1
28665,T0
28665,A0
29712,B0
31665,R
25755,T1
28265,A1
28707,B1
29061,T0
29061,A0
30122,B0
32061,R
20171,T1
22680,A1
23021,B1
23028,B0
23036,B1
23477,T0
23477,A0
24252,B0
26477,R
30455,T1
32965,A1
33124,B1
33762,T0
33762,A0
34471,B0
36762,R
18858,T1
21368,A1
21736,B1
22165,T0
22165,A0
23155,B0
25165,R
27738,T1
30248,A1
30365,B1
30374,B0
30381,B1
31045,A0
31053,T0
31969,B0
34045,R
15166,T1
17675,A1
17928,B1
18472,T0
18472,A0
19497,B0
21472,R
27617,T1
30126,A1
30573,B1
30580,B0
30588,B1
30923,T0
30923,A0
32067,B0
33923,R
d2000,w80,m100,s300,p3
22185,T1
23195,A1
23990,T0
23990,A0
26990,R
18340,T1
19349,A1
20145,T0
20145,A0
23145,R
31797,T1
32776,A1
33602,T0
33602,A0
36602,R
17088,T1
18098,A1
18894,T0
18894,A0
21894,R
17240,T1
18220,A1
19046,T0
19046,A0
22046,R
26029,T1
27039,A1
27834,T0
27834,A0
28114,B1
28123,B0
28131,B1
29247,B0
30834,R
27282,T1
28292,A1
29088,T0
29088,A0
29103,B1
30340,B0
32088,R
31707,T1
32686,A1
33445,B1
33513,T0
33513,A0
34539,B0
36513,R
28136,T1
29146,A1
29860,B1
29942,T0
29942,A0
30906,B0
32942,R
27586,T1
28596,A1
29200,B1
29393,A0
29400,T0
30268,B0
32393,R
27342,T1
28321,A1
29045,B1
29054,B0
29062,B1
29117,T0
29117,A0
30066,B0
32117,R
25451,T1
26430,A1
27226,A0
27233,T0
27391,B1
27399,B0
27406,B1
28677,B0
30226,R
17669,T1
18678,A1
19474,T0
19474,A0
19751,B1
21067,B0
22474,R
30150,T1
31160,A1
31955,B1
31955,T0
31955,A0
33057,B0
34955,R
21332,T1
22341,A1
23134,B1
23134,T0
23134,A0
24418,B0
26134,R
28109,T1
29088,A1
29689,B1
29915,T0
29915,A0
30757,B0
32915,R
15746,T1
16756,A1
17551,T0
17551,A0
17889,B1
19018,B0
20551,R
25879,T1
26858,A1
27446,B1
27685,T0
27685,A0
28516,B0
30685,R
19926,T1
20936,A1
21568,B1
21733,T0
21733,A0
23122,B0
24733,R
25542,B1
25551,B0
25558,B1
26526,B0
29601,T1
30611,A1
31257,B1
31407,T0
31407,A0
32403,B0
34407,R
16967,T1
17977,A1
18772,T0
18772,A0
18993,B1
20097,B0
21772,R
27923,T1
28933,A1
29518,B1
29729,T0
29729,A0
30666,B0
32729,R
28899,T1
29909,A1
30539,B1
30705,T0
30705,A0
32021,B0
33705,R
28472,T1
29452,A1
30114,B1
30248,A0
30255,T0
31380,B0
33248,R
31828,T1
32838,A1
33488,B1
33635,T0
33635,A0
34598,B0
36635,R
15837,T1
16847,A1
17642,A0
17650,T0
18551,B1
18559,B0
18566,B1
19766,B0
20642,R
34484,T1
35494,A1
36169,B1
36290,T0
36290,A0
37426,B0
39290,R
25207,T1
26216,A1
26828,B1
27013,T0
27013,A0
28058,B0
30013,R
22795,T1
23805,A1
24547,B1
24601,T0
24601,A0
25657,B0
27601,R
29387,T1
30397,A1
31037,B1
31194,T0
31194,A0
32080,B0
34194,R
15349,T1
16358,A1
17154,A0
17161,T0
20154,R
31736,T1
32746,A1
33464,B1
33542,T0
33542,A0
34483,B0
36542,R
23894,T1
24904,A1
25676,B1
25683,B0
25691,B1
25699,T0
25699,A0
26799,B0
28699,R
33996,T1
34975,A1
35705,B1
35802,T0
35802,A0
36896,B0
38802,R
25664,T1
26674,A1
27230,B1
27470,A0
27478,T0
28368,B0
30470,R
20995,T1
22005,A1
22801,T0
22801,A0
23411,B1
24380,B0
25801,R
21056,T1
22066,A1
22823,B1
22831,B0
22838,B1
22862,T0
22862,A0
24283,B0
25862,R
25664,T1
26674,A1
27419,B1
27426,B0
27434,B1
27470,T0
27470,A0
28518,B0
30470,R
29967,T1
30977,A1
31682,B1
31773,T0
31773,A0
32907,B0
34773,R
20262,T1
21272,A1
22068,T0
22068,A0
22334,B1
22342,B0
22349,B1
23436,B0
25068,R
25145,T1
26155,A1
26951,T0
26951,A0
27022,B1
28309,B0
29951,R
29570,T1
30580,A1
31336,B1
31376,A0
31384,T0
32496,B0
34376,R
32684,T1
33694,A1
34469,B1
34489,T0
34489,A0
35600,B0
37489,R
34729,T1
35708,A1
36501,B1
36501,T0
36501,A0
37688,B0
39501,R
20998,T1
22007,A1
22803,T0
22803,A0
23548,B1
25030,B0
25803,R
16356,T1
17336,A1
18131,T0
18131,A0
19083,B1
19091,B0
19098,B1
20489,B0
21131,R
33141,T1
34151,A1
34700,B1
34948,T0
34948,A0
35802,B0
37948,R
29875,T1
30885,A1
31590,B1
31681,T0
31681,A0
32817,B0
34681,R
21087,T1
22097,A1
22892,T0
22892,A0
22929,B1
24071,B0
25892,R
18645,T1
19655,A1
20451,T0
20451,A0
20835,B1
22100,B0
23451,R
21575,T1
22585,A1
23237,B1
23381,T0
23381,A0
24408,B0
26381,R
25237,T1
26216,A1
26937,B1
27043,T0
27043,A0
28029,B0
30043,R
21147,T1
22157,A1
22953,A0
22960,T0
23011,B1
24213,B0
25953,R
17058,T1
18068,A1
18864,T0
18864,A0
19143,B1
19151,B0
19158,B1
20678,B0
21864,R
24107,T1
25117,A1
25752,B1
25914,T0
25914,A0
27210,B0
28914,R
23985,T1
24965,A1
25740,B1
25791,T0
25791,A0
27020,B0
28791,R
31585,T1
32595,A1
33367,B1
33390,T0
33390,A0
34417,B0
36390,R
32837,T1
33847,A1
34411,B1
34643,A0
34650,T0
35453,B0
37643,R
19865,T1
20845,A1
21640,T0
21640,A0
21878,B1
21885,B0
21893,B1
23101,B0
24640,R
32928,T1
33938,A1
34734,T0
34734,A0
34843,B1
36272,B0
37734,R
21941,T1
22951,A1
23746,T0
23746,A0
23795,B1
25049,B0
26746,R
25298,T1
26278,A1
27073,T0
27073,A0
27088,B1
28277,B0
30073,R
22033,T1
23043,A1
23838,T0
23838,A0
23957,B1
25335,B0
26838,R
18706,T1
19716,A1
20512,T0
20512,A0
20775,B1
20782,B0
20790,B1
22336,B0
23512,R
30852,T1
31862,A1
32541,B1
32658,A0
32666,T0
33905,B0
35658,R
30853,T1
31832,A1
32531,B1
32659,T0
32659,A0
33767,B0
35659,R
d2000,w80,m100,s150,p3
19348,T1
20342,A1
21155,T0
21155,A0
24155,R
32455,T1
33449,A1
34262,T0
34262,A0
37262,R
33116,T1
34110,A1
34828,B1
34924,T0
34924,A0
35809,B0
37924,R
22693,T1
23687,A1
24500,A0
24508,T0
24706,B1
24715,B0
24722,B1
26103,B0
27500,R
30807,T1
31801,A1
32580,B1
32589,B0
32597,B1
32614,T0
32614,A0
33571,B0
35614,R
33991,T1
34985,A1
35480,B1
35488,B0
35495,B1
35769,A0
35777,T0
36511,B0
38769,R
16685,T1
17709,A1
18492,T0
18492,A0
19535,B1
19544,B0
19551,B1
21106,B0
21492,R
30445,T1
31439,A1
32137,B1
32145,B0
32152,B1
32223,T0
32223,A0
33158,B0
35223,R
28042,T1
29036,A1
29819,T0
29819,A0
29903,B1
29911,B0
29919,B1
30823,B0
32819,R
30205,T1
31199,A1
31677,B1
31686,B0
31693,B1
31984,T0
31984,A0
32646,B0
34984,R
18517,T1
19511,A1
20324,T0
20324,A0
20767,B1
20776,B0
20783,B1
21972,B0
23324,R
27441,T1
28435,A1
29113,B1
29249,A0
29256,T0
30204,B0
32249,R
18427,T1
19421,A1
20205,T0
20205,A0
20302,B1
21523,B0
23205,R
22994,T1
23988,A1
24596,B1
24802,T0
24802,A0
25722,B0
27802,R
30716,T1
31740,A1
32384,B1
32391,B0
32398,B1
32524,T0
32524,A0
33377,B0
35524,R
24856,T1
25851,A1
26664,T0
26664,A0
26772,B1
28037,B0
29664,R
31347,T1
32371,A1
33154,T0
33154,A0
33203,B1
34528,B0
36154,R
31948,T1
32942,A1
33755,T0
33755,A0
34002,B1
35249,B0
36755,R
16865,T1
17889,A1
18673,T0
18673,A0
19443,B1
19451,B0
19458,B1
20968,B0
21673,R
22092,T1
23087,A1
23870,T0
23870,A0
24058,B1
24065,B0
24073,B1
25197,B0
26870,R
25277,T1
26302,A1
27018,B1
27027,B0
27035,B1
27085,T0
27085,A0
28209,B0
30085,R
24827,T1
25821,A1
26461,B1
26605,A0
26612,T0
27549,B0
29605,R
29964,T1
30959,A1
31618,B1
31742,T0
31742,A0
32620,B0
34742,R
23415,T1
24409,A1
25162,B1
25223,T0
25223,A0
26217,B0
28223,R
29484,T1
30478,A1
31150,B1
31292,T0
31292,A0
32222,B0
34292,R
20500,T1
21494,A1
22307,T0
22307,A0
22578,B1
24026,B0
25307,R
18247,T1
19241,A1
20025,T0
20025,A0
20615,B1
20624,B0
20632,B1
21750,B0
23025,R
25638,T1
26632,A1
27253,B1
27446,T0
27446,A0
28523,B0
30446,R
24797,T1
25791,A1
26484,B1
26605,T0
26605,A0
27489,B0
29605,R
19809,T1
20803,A1
21616,T0
21616,A0
22046,B1
23303,B0
24616,R
18247,T1
19272,A1
20055,T0
20055,A0
20298,B1
20306,B0
20314,B1
21871,B0
23055,R
24526,T1
25520,A1
26025,B1
26032,B0
26040,B1
26335,T0
26335,A0
27009,B0
29335,R
31587,B1
31948,T1
32713,B0
32942,A1
33755,T0
33755,A0
36755,R
26359,T1
27353,A1
28167,T0
28167,A0
28207,B1
29380,B0
31167,R
25157,T1
26181,A1
26965,T0
26965,A0
26992,B1
28153,B0
29965,R
22964,T1
23958,A1
24632,B1
24772,T0
24772,A0
25768,B0
27772,R
15452,T1
16446,A1
17260,T0
17260,A0
17741,B1
17750,B0
17757,B1
19111,B0
20260,R
26089,T1
27083,A1
27719,B1
27897,T0
27897,A0
28889,B0
30897,R
33810,T1
34804,A1
35507,B1
35516,B0
35524,B1
35618,T0
35618,A0
36484,B0
38618,R
28041,T1
29066,A1
29715,B1
29849,T0
29849,A0
30896,B0
32849,R
23295,T1
24289,A1
25085,B1
25093,B0
25101,B1
25101,T0
25101,A0
26348,B0
28101,R
22064,T1
23058,A1
23808,B1
23842,T0
23842,A0
25192,B0
26842,R
30445,T1
31439,A1
32155,B1
32253,T0
32253,A0
33201,B0
35253,R
23835,T1
24860,A1
25588,B1
25643,T0
25643,A0
26995,B0
28643,R
26630,T1
27654,A1
28241,B1
28250,B0
28257,B1
28438,A0
28445,T0
29547,B0
31438,R
28042,T1
29036,A1
29819,A0
29826,T0
29951,B1
31060,B0
32819,R
26720,T1
27744,A1
28527,T0
28527,A0
28835,B1
28843,B0
28850,B1
31492,B0
31527,R
31227,T1
32221,A1
33035,T0
33035,A0
33110,B1
34601,B0
36035,R
19118,T1
20112,A1
20925,T0
20925,A0
21030,B1
22737,B0
23925,R
27441,T1
28435,A1
29249,T0
29249,A0
29329,B1
29338,B0
29346,B1
30371,B0
32249,R
20230,T1
21224,A1
22007,T0
22007,A0
22159,B1
23848,B0
25007,R
30355,T1
31349,A1
32163,T0
32163,A0
32202,B1
32209,B0
32217,B1
33137,B0
35163,R
18998,T1
19992,A1
20806,T0
20806,A0
20898,B1
22065,B0
23806,R
18517,T1
19511,A1
20324,T0
20324,A0
23324,R
32725,T1
33719,A1
34513,B1
34533,T0
34533,A0
35575,B0
37533,R
15362,T1
16356,A1
17170,T0
17170,A0
17399,B1
18750,B0
20170,R
22423,T1
23447,A1
24079,B1
24231,T0
24231,A0
25292,B0
27231,R
28072,T1
29096,A1
29812,B1
29880,T0
29880,A0
31111,B0
32880,R
28041,T1
29035,A1
29809,B1
29849,T0
29849,A0
31228,B0
32849,R
26329,T1
27323,A1
28083,B1
28107,T0
28107,A0
29574,B0
31107,R
20620,T1
21614,A1
22428,T0
22428,A0
22745,B1
24335,B0
25428,R
34862,T1
35886,A1
36669,T0
36669,A0
36956,B1
38285,B0
39669,R
24346,T1
25341,A1
26096,B1
26154,T0
26154,A0
27473,B0
29154,R
d2000,w80,m250,s150,p3
20051,T1
22551,A1
23334,T0
23334,A0
26334,R
31883,T1
34384,A1
35197,T0
35197,A0
38197,R
19597,T1
22128,A1
22911,T0
22911,A0
25911,R
25996,T1
28496,A1
29309,T0
29309,A0
32309,R
21971,T1
24471,A1
25284,T0
25284,A0
28284,R
21760,T1
24261,A1
25074,T0
25074,A0
28074,R
17645,T1
20145,A1
20959,T0
20959,A0
23959,R
22360,T1
24861,A1
25674,T0
25674,A0
28674,R
19868,T1
22368,A1
22468,B1
22477,B0
22485,B1
23153,T0
23153,A0
23710,B0
26153,R
21251,T1
23752,A1
23947,B1
24567,T0
24567,A0
25156,B0
27567,R
16894,T1
19395,A1
19817,B1
20209,A0
20217,T0
21289,B0
23209,R
26209,T1
28709,A1
28848,B1
29494,T0
29494,A0
30202,B0
32494,R
33690,T1
36190,A1
36385,B1
36393,B0
36400,B1
36975,T0
36975,A0
37698,B0
39975,R
28973,T1
31474,A1
31546,B1
31555,B0
31562,B1
32259,T0
32259,A0
33138,B0
35259,R
22092,T1
24593,A1
24889,B1
25377,T0
25377,A0
26431,B0
28377,R
18728,T1
21228,A1
22011,T0
22011,A0
22553,B1
22561,B0
22569,B1
23859,B0
25011,R
17256,T1
19590,B1
19599,B0
19606,B1
19756,A1
20570,T0
20570,A0
21214,B0
23570,R
24496,T1
26549,B1
27026,A1
27810,T0
27810,A0
28260,B0
30810,R
30084,T1
32585,A1
32767,B1
32775,B0
32782,B1
33400,T0
33400,A0
33863,B0
36400,R
19208,T1
21708,A1
21999,B1
22007,B0
22014,B1
22493,T0
22493,A0
23236,B0
25493,R
21521,T1
24022,A1
24093,B1
24807,T0
24807,A0
25461,B0
27807,R
21101,T1
23601,A1
24011,B1
24020,B0
24027,B1
24416,T0
24416,A0
25270,B0
27416,R
23294,T1
25795,A1
25951,B1
25959,B0
25966,B1
26610,T0
26610,A0
27024,B0
29610,R
21401,T1
23901,A1
24109,B1
24117,B0
24124,B1
24717,T0
24717,A0
25190,B0
27717,R
20860,T1
23360,A1
23687,B1
23694,B0
23702,B1
24175,T0
24175,A0
24891,B0
27175,R
29724,T1
32225,A1
32521,B1
32528,B0
32535,B1
33039,T0
33039,A0
33729,B0
36039,R
20020,T1
22520,A1
22780,B1
22787,B0
22795,B1
23305,T0
23305,A0
24039,B0
26305,R
24015,T1
26546,A1
26583,B1
26590,B0
26598,B1
27331,T0
27331,A0
28062,B0
30331,R
17406,T1
19906,A1
20353,B1
20690,T0
20690,A0
21686,B0
23690,R
19539,T1
22069,A1
22315,B1
22854,T0
22854,A0
23601,B0
25854,R
32278,T1
34774,B1
34774,A1
35564,T0
35564,A0
36248,B0
38564,R
16834,T1
19334,A1
19757,B1
20149,T0
20149,A0
21035,B0
23149,R
26990,T1
29490,A1
29511,B1
30306,T0
30306,A0
31581,B0
33306,R
32848,T1
35349,A1
35443,B1
35451,B0
35458,B1
36134,T0
36134,A0
37040,B0
39134,R
31917,T1
34418,A1
34450,B1
35203,T0
35203,A0
35935,B0
38203,R
29394,T1
31924,A1
32489,B1
32708,T0
32708,A0
34231,B0
35708,R
23114,T1
25614,A1
25792,B1
25799,B0
25807,B1
26400,T0
26400,A0
27359,B0
29400,R
23865,T1
26365,A1
27059,B1
27149,T0
27149,A0
28643,B0
30149,R
27771,T1
30271,A1
30422,B1
30431,B0
30439,B1
31086,T0
31086,A0
32512,B0
34086,R
18547,T1
21048,A1
21831,A0
21838,T0
23873,B1
24831,R
2034,B0
32728,T1
35150,B1
35157,B0
35164,B1
35229,A1
36042,T0
36042,A0
36696,B0
39042,R
23955,T1
26456,A1
26520,B1
26528,B0
26535,B1
27271,T0
27271,A0
27914,B0
30271,R
18818,T1
21318,A1
21626,B1
21634,B0
21641,B1
22133,T0
22133,A0
23016,B0
25133,R
21371,T1
23872,A1
23880,B1
24687,T0
24687,A0
25401,B0
27687,R
18487,T1
20987,A1
21103,B1
21110,B0
21118,B1
21803,T0
21803,A0
22443,B0
24803,R
19118,T1
21618,A1
21917,B1
22433,A0
22440,T0
23361,B0
25433,R
30896,T1
33396,A1
33657,B1
34181,T0
34181,A0
34931,B0
37181,R
17075,T1
19575,A1
20124,B1
20389,T0
20389,A0
21515,B0
23389,R
23084,T1
25585,A1
25897,B1
26369,T0
26369,A0
27239,B0
29369,R
14491,T1
16992,A1
17314,B1
17323,B0
17331,B1
17776,T0
17776,A0
18704,B0
20776,R
25277,T1
27778,A1
28336,B1
28343,B0
28351,B1
28562,T0
28562,A0
29566,B0
31562,R
19959,T1
22459,A1
23273,T0
23273,A0
23300,B1
25218,B0
26273,R
13710,T1
16210,A1
17023,T0
17023,A0
20023,R
14161,T1
16560,B1
16568,B0
16575,B1
16661,A1
17445,T0
17445,A0
17990,B0
20445,R
25307,T1
27674,B1
27807,A1
28621,T0
28621,A0
29253,B0
31621,R
15692,T1
18193,A1
18309,B1
18317,B0
18324,B1
18978,A0
18985,T0
19714,B0
21978,R
30355,T1
32855,A1
33392,B1
33639,T0
33639,A0
34504,B0
36639,R
23054,T1
25555,A1
25656,B1
26340,T0
26340,A0
27040,B0
29340,R
29063,T1
31563,A1
31829,B1
32378,T0
32378,A0
33018,B0
35378,R
19719,T1
22219,A1
22899,B1
22906,B0
22914,B1
23003,T0
23003,A0
24134,B0
26003,R
24105,T1
26606,A1
26645,B1
26653,B0
26660,B1
27421,T0
27421,A0
27901,B0
30421,R
23385,T1
25885,A1
26086,B1
26700,T0
26700,A0
27355,B0
29700,R
16894,T1
19395,A1
19774,B1
20209,T0
20209,A0
21068,B0
23209,R
20831,T1
23331,A1
23577,B1
23585,B0
23592,B1
24146,T0
24146,A0
24874,B0
27146,R
30926,T1
33426,A1
33650,B1
34241,T0
34241,A0
35210,B0
37241,R
32308,T1
34809,A1
35431,B1
35592,T0
35592,A0
37118,B0
38592,R
30956,T1
33457,A1
33936,B1
34271,T0
34271,A0
35538,B0
37271,R
24827,T1
27327,A1
27685,B1
28142,T0
28142,A0
28984,B0
31142,R
20500,T1
23000,A1
23294,B1
23815,A0
23822,T0
24536,B0
26815,R
d2000,w80,m50,s150,p3
35519,T1
36031,A1
36814,T0
36814,A0
39814,R
22362,T1
22844,A1
23657,T0
23657,A0
26657,R
17466,T1
17978,A1
18761,T0
18761,A0
21761,R
17585,T1
18097,A1
18880,T0
18880,A0
21880,R
16504,T1
16986,A1
17800,A0
17807,T0
20800,R
26537,T1
27018,A1
27832,T0
27832,A0
30832,R
17525,T1
18037,A1
18821,T0
18821,A0
19082,B1
20287,B0
21821,R
19966,B1
19973,B0
19981,B1
21380,B0
28223,T1
28735,A1
29518,T0
29518,A0
32518,R
32639,T1
33151,A1
33934,T0
33934,A0
34194,B1
34203,B0
34211,B1
35347,B0
36934,R
16024,T1
16536,A1
17319,T0
17319,A0
18085,B1
18093,B0
18100,B1
19529,B0
20319,R
29276,B1
29285,B0
29292,B1
30747,B0
33150,T1
33632,A1
34446,T0
34446,A0
35534,B1
35541,B0
35549,B1
36657,B0
37446,R
28793,T1
29275,A1
30088,T0
30088,A0
33088,R
30359,T1
30359,A1
30412,A0
30420,A1
30427,A0
30495,A1
30594,A0
30661,A1
30761,A0
30828,A1
30929,A0
30994,A1
31086,T0
31086,A0
34086,R
2007,T1
5011,A1
7024,T0
7024,A0
10024,R
2004,T1
5008,A1
7021,T0
7021,A0
10021,R
2004,T1
2155,T0
2162,T1
2189,T0
2196,T1
2223,T0
15706,T1
16218,A1
17001,T0
17001,A0
20001,R
17405,T1
17917,A1
18700,T0
18700,A0
21700,R
25636,T1
26148,A1
26931,T0
26931,A0
27234,B1
28210,B0
29931,R
30141,B1
30149,B0
30156,B1
31207,B0
34863,T1
35375,A1
36159,T0
36159,A0
39159,R
30475,T1
30987,A1
31770,T0
31770,A0
32355,B1
33583,B0
34770,R
33180,T1
33692,A1
34475,T0
34475,A0
34845,B1
36113,B0
37475,R
33781,T1
34293,A1
35076,T0
35076,A0
35453,B1
36688,B0
38076,R
29364,T1
29876,A1
30659,A0
30667,T0
30995,B1
32318,B0
33659,R
31587,T1
32070,A1
32883,T0
32883,A0
33231,B1
34429,B0
35883,R
25878,T1
26391,A1
27174,T0
27174,A0
27620,B1
28879,B0
30174,R
19749,T1
20261,A1
21075,T0
21075,A0
21429,B1
22837,B0
24075,R
30695,B1
30704,B0
30712,B1
32270,B0
33180,T1
33692,A1
34475,T0
34475,A0
37475,R
30352,B1
30361,B0
30368,B1
31732,B0
31948,T1
32430,A1
33244,T0
33244,A0
36244,R
24376,T1
24858,A1
25671,T0
25671,A0
26104,B1
27896,B0
28671,R
23204,T1
23717,A1
24530,T0
24530,A0
25163,B1
26799,B0
27530,R
18247,T1
18759,A1
19542,T0
19542,A0
22542,R
19178,T1
19660,A1
20473,T0
20473,A0
20984,B1
22323,B0
23473,R
24707,T1
25219,A1
26002,T0
26002,A0
29002,R
17285,T1
17797,A1
18580,T0
18580,A0
19089,B1
20448,B0
21580,R
29184,T1
29696,A1
30479,T0
30479,A0
31015,B1
32097,B0
33479,R
29454,T1
29966,A1
30749,T0
30749,A0
31169,B1
32326,B0
33749,R
25278,T1
25760,A1
26573,A0
26581,T0
26799,B1
28305,B0
29573,R
19509,T1
20021,A1
20805,T0
20805,A0
21414,B1
21423,B0
21430,B1
22612,B0
23805,R
20860,T1
21342,A1
22156,T0
22156,A0
22376,B1
23688,B0
25156,R
25146,B1
25154,B0
25162,B1
26933,B0
32219,T1
32731,A1
33544,T0
33544,A0
36544,R
27609,B1
27617,B0
27624,B1
29233,B0
33871,T1
34354,A1
35167,T0
35167,A0
38167,R
18818,T1
19330,A1
20113,T0
20113,A0
21076,B1
22586,B0
23113,R
29634,T1
30146,A1
30930,T0
30930,A0
31268,B1
32818,B0
33930,R
32278,T1
32790,A1
33422,B1
33429,B0
33437,B1
33574,T0
33574,A0
34834,B0
36574,R
16834,T1
17347,A1
18130,A0
18137,T0
19506,B1
19514,B0
19521,B1
21039,B0
21130,R
24556,T1
25038,A1
25851,T0
25851,A0
26170,B1
27756,B0
28851,R
26059,T1
26541,A1
27354,T0
27354,A0
27964,B1
29564,B0
30354,R
18157,T1
18639,A1
19453,T0
19453,A0
20756,B1
20764,B0
20771,B1
22453,R
67,B0
18427,T1
18909,A1
19722,T0
19722,A0
21049,B1
21057,B0
21064,B1
22688,B0
22722,R
18397,T1
18909,A1
19693,A0
19700,T0
20647,B1
22203,B0
22693,R
31496,T1
32009,A1
32792,T0
32792,A0
33252,B1
34654,B0
35792,R
30325,T1
30837,A1
31413,B1
31420,B0
31428,B1
31621,T0
31621,A0
32944,B0
34621,R
29510,B1
31519,B0
32729,T1
33242,A1
34055,T0
34055,A0
37055,R
17075,T1
17557,A1
18370,T0
18370,A0
20664,B1
20671,B0
20679,B1
21370,R
932,B0
33300,T1
33782,A1
34595,T0
34595,A0
35375,B1
36852,B0
37595,R
20380,T1
20862,A1
21676,T0
21676,A0
22737,B1
24320,B0
24676,R
22933,T1
23415,A1
24229,T0
24229,A0
24757,B1
26268,B0
27229,R
25485,B1
25492,B0
25499,B1
27120,B0
33481,T1
33993,A1
34776,T0
34776,A0
35205,B1
36681,B0
37776,R
22243,T1
22725,A1
23539,T0
23539,A0
24433,B1
26112,B0
26539,R
26419,T1
26931,A1
27744,T0
27744,A0
28476,B1
30110,B0
30744,R
26390,T1
26902,A1
27685,T0
27685,A0
28273,B1
29878,B0
30685,R
20440,T1
20922,A1
21735,T0
21735,A0
22694,B1
22701,B0
22709,B1
24138,B0
24735,R
24947,T1
25460,A1
26243,A0
26250,T0
26779,B1
28236,B0
29243,R
25337,T1
25819,A1
26633,T0
26633,A0
27378,B1
28863,B0
29633,R
24226,T1
24738,A1
25521,A0
25529,T0
26259,B1
27636,B0
28521,R
22453,T1
22966,A1
23749,T0
23749,A0
24416,B1
25895,B0
26749,R
23685,T1
24197,A1
25010,T0
25010,A0
25607,B1
27179,B0
28010,R
17496,T1
17978,A1
18791,T0
18791,A0
20083,B1
21661,B0
21791,R
30656,T1
31138,A1
31951,T0
31951,A0
32475,B1
33979,B0
34951,R
27772,T1
28254,A1
29067,T0
29067,A0
29688,B1
31192,B0
32067,R
24616,T1
25099,A1
25912,T0
25912,A0
26455,B1
28323,B0
28912,R
20410,T1
20922,A1
21705,T0
21705,A0
22707,B1
24233,B0
24705,R
25214,B1
25222,B0
25229,B1
26999,B0
28674,T1
29186,A1
29969,T0
29969,A0
32969,R
25419,B1
25428,B0
25436,B1
28162,T1
28204,B0
28675,A1
29488,T0
29488,A0
32488,R
