d2000,w80,m300,s300,p3
29784,T1
32782,A1
33578,T0
33578,A0
36578,R
19132,T1
22131,A1
22926,T0
22926,A0
25926,R
21024,T1
24054,A1
24849,T0
24849,A0
27849,R
19254,T1
22253,A1
22425,B1
23050,T0
23050,A0
23477,B0
26050,R
18461,T1
21460,A1
21753,B1
22257,T0
22257,A0
22583,B0
25257,R
16996,T1
19995,A1
20254,B1
20793,T0
20793,A0
21099,B0
23793,R
19712,T1
22741,A1
22809,B1
23539,T0
23539,A0
23759,B0
26539,R
14066,T1
17065,A1
17891,T0
17891,A0
17978,B1
18743,B0
20891,R
13670,T1
16657,B1
16669,A1
17467,T0
17467,A0
18914,B0
20467,R
26579,T1
29578,A1
29792,B1
30375,T0
30375,A0
30722,B0
33375,R
24931,T1
27925,B1
27925,A1
28728,T0
28728,A0
29265,B0
31728,R
30698,T1
33697,A1
34339,B1
34494,T0
34494,A0
35060,B0
37494,R
25022,T1
28021,A1
28182,B1
28818,T0
28818,A0
28946,B0
31818,R
25023,T1
28052,A1
28722,B1
28849,T0
28849,A0
29720,B0
31849,R
16813,T1
19812,A1
20544,B1
20608,T0
20608,A0
21540,B0
23608,R
25327,T1
28326,A1
28556,B1
29123,T0
29123,A0
29464,B0
32123,R
20933,T1
23932,A1
24395,B1
24729,A0
24736,T0
25174,B0
27729,R
17698,T1
20697,A1
21493,T0
21493,A0
22206,B1
23056,B0
24493,R
29050,T1
32049,A1
32358,B1
32847,T0
32847,A0
33145,B0
35847,R
15287,T1
18286,A1
18470,B1
19083,T0
19083,A0
19474,B0
22083,R
16721,T1
19720,A1
19821,B1
20518,A0
20525,T0
20685,B0
23518,R
15409,T1
18408,A1
18541,B1
19206,T0
19206,A0
19452,B0
22206,R
29966,T1
32965,A1
33154,B1
33163,B0
33171,B1
33793,T0
33793,A0
34416,B0
36793,R
29417,T1
32416,A1
32591,B1
33213,T0
33213,A0
34000,B0
36213,R
31584,T1
34613,A1
34837,B1
34845,B0
34852,B1
35411,T0
35411,A0
35766,B0
38411,R
15653,T1
18682,A1
19478,T0
19478,A0
19607,B1
19614,B0
19622,B1
20496,B0
22478,R
30912,T1
33549,B1
33556,B0
33564,B1
33912,A1
34637,B0
34738,T0
34738,A0
37738,R
14280,T1
17279,A1
17363,B1
17370,B0
17378,B1
18107,T0
18107,A0
18193,B0
21107,R
23192,T1
26191,A1
26209,B1
26988,T0
26988,A0
27129,B0
29988,R
27739,T1
30738,A1
30757,B1
31535,T0
31535,A0
31669,B0
34535,R
14891,T1
17890,A1
18686,T0
18686,A0
18809,B1
20510,B0
21686,R
28074,T1
31073,A1
31187,B1
31870,T0
31870,A0
32178,B0
34870,R
17912,T1
20911,A1
21072,B1
21708,T0
21708,A0
22121,B0
24708,R
16997,T1
19995,A1
20101,B1
20793,T0
20793,A0
22752,B0
23793,R
23863,T1
26837,B1
26862,A1
27659,T0
27659,A0
27702,B0
30659,R
22551,T1
25099,B1
25550,A1
26346,T0
26346,A0
26811,B0
29346,R
14737,T1
17736,A1
17842,B1
18534,T0
18534,A0
18700,B0
21534,R
22611,T1
25610,A1
26009,B1
26407,T0
26407,A0
26944,B0
29407,R
28959,T1
31958,A1
32167,B1
32756,T0
32756,A0
32967,B0
35756,R
29691,T1
32690,A1
32892,B1
33487,T0
33487,A0
33763,B0
36487,R
25114,T1
28113,A1
28229,B1
28911,T0
28911,A0
30374,B0
31911,R
14677,T1
17676,A1
17853,B1
18473,T0
18473,A0
18692,B0
21473,R
32591,T1
35590,A1
35780,B1
36387,T0
36387,A0
36956,B0
39387,R
16080,T1
19110,A1
19629,B1
19907,T0
19907,A0
20446,B0
22907,R
15470,T1
18441,B1
18469,A1
19258,B0
19258,T0
19258,A0
22258,R
20177,T1
23207,A1
23424,B1
24004,T0
24004,A0
24315,B0
27004,R
21543,T1
24503,B1
24542,A1
25369,T0
25369,A0
26756,B0
28369,R
22550,T1
25316,B1
25549,A1
26331,B0
26345,T0
26345,A0
29345,R
19468,T1
22387,B1
22467,A1
23179,B0
23263,A0
23271,T0
26263,R
17820,T1
20819,A1
21054,B1
21616,T0
21616,A0
21872,B0
24616,R
29417,T1
31529,B1
32417,A1
32772,B0
33212,T0
33212,A0
36212,R
23558,T1
26557,A1
26749,B1
27354,T0
27354,A0
28271,B0
30354,R
14829,T1
17689,B1
17829,A1
18655,T0
18655,A0
18876,B0
21655,R
14188,T1
17187,A1
17440,B1
17985,T0
17985,A0
18515,B0
20985,R
13517,T1
16130,B1
16516,A1
17312,T0
17312,A0
18437,B0
20312,R
32255,T1
35181,B1
35254,A1
35923,B0
36050,T0
36050,A0
39050,R
28928,T1
31927,A1
32187,B1
32195,B0
32202,B1
32725,T0
32725,A0
32974,B0
35725,R
26059,T1
29089,A1
29097,B1
29887,T0
29887,A0
30006,B0
32887,R
15775,T1
18271,B1
18279,B0
18286,B1
18775,A1
19570,T0
19570,A0
19685,B0
22570,R
26243,T1
29242,A1
30038,A0
30045,T0
30053,B1
30835,B0
33038,R
28685,T1
31037,B1
31715,A1
31958,B0
32510,A0
32518,T0
35510,R
30119,T1
33065,B1
33073,B0
33081,B1
33118,A1
33853,B0
33914,T0
33914,A0
36914,R
31065,T1
34064,A1
34199,B1
34861,T0
34861,A0
34949,B0
37861,R
d2000,w80,m50,s300,p3
26144,T1
26633,A1
27459,T0
27459,A0
30459,R
33170,T1
33690,A1
34486,T0
34486,A0
35543,B1
35551,B0
35559,B1
36594,B0
37486,R
24016,T1
24536,A1
25332,A0
25339,T0
25970,B1
26922,B0
28332,R
22391,B1
22400,B0
22407,B1
23132,B0
24810,T1
25300,A1
26096,A0
26103,T0
26598,B1
26607,B0
26614,B1
27382,B0
29096,R
19316,T1
19836,A1
20632,T0
20632,A0
21175,B1
21184,B0
21191,B1
21999,B0
23632,R
29662,T1
30182,A1
30978,T0
30978,A0
31216,B1
31919,B0
33978,R
18187,T1
18677,A1
19473,T0
19473,A0
19848,B1
19857,B0
19864,B1
20697,B0
22473,R
23222,T1
23712,A1
24507,T0
24507,A0
24811,B1
25316,B0
27507,R
34545,T1
35035,A1
35861,T0
35861,A0
36240,B1
36923,B0
38861,R
565,B1
571,B0
577,B1
1849,B0
31585,T1
32105,A1
32901,T0
32901,A0
33327,B1
34120,B0
35901,R
15163,B1
15171,B0
15178,B1
17509,B0
31892,T1
32412,A1
33208,T0
33208,A0
33575,B1
34211,B0
36208,R
19499,T1
19989,A1
20815,T0
20815,A0
21424,B1
22625,B0
23815,R
22739,B1
22747,B0
22754,B1
23547,B0
30425,T1
30915,A1
31741,T0
31741,A0
32099,B1
33056,B0
34741,R
16753,T1
17243,A1
18069,T0
18069,A0
19212,B1
19890,B0
21069,R
18034,T1
18524,A1
19350,T0
19350,A0
19691,B1
20511,B0
22350,R
22948,T1
23438,A1
24233,T0
24233,A0
24719,B1
25109,B0
27233,R
19225,T1
19715,A1
20510,A0
20518,T0
20936,B1
21461,B0
23510,R
16784,T1
17274,A1
18069,T0
18069,A0
18387,B1
19061,B0
21069,R
21070,B1
21078,B0
21085,B1
22045,B0
27916,B1
28442,B0
29449,T1
29970,A1
30765,T0
30765,A0
30978,B1
31526,B0
33765,R
27404,T1
27924,A1
28720,T0
28720,A0
29218,B1
30110,B0
31720,R
21086,T1
21607,A1
22402,T0
22402,A0
23046,B1
23054,B0
23061,B1
23564,B0
25402,R
20507,T1
20996,A1
21792,T0
21792,A0
22271,B1
22856,B0
24792,R
19469,T1
19959,A1
20754,T0
20754,A0
21460,B1
22008,B0
23754,R
17394,T1
17884,A1
18679,T0
18679,A0
19115,B1
19703,B0
21679,R
34209,T1
34699,A1
35494,T0
35494,A0
35758,B1
35766,B0
35774,B1
36460,B0
38494,R
26092,T1
26582,A1
27377,T0
27377,A0
27900,B1
28625,B0
30377,R
22704,T1
23194,A1
23989,T0
23989,A0
25747,B1
26479,B0
26989,R
27094,B1
27102,B0
27109,B1
27772,B0
30099,B1
30595,B0
33081,T1
33571,A1
34367,T0
34367,A0
34636,B1
35101,B0
37367,R
23131,T1
23651,A1
24447,T0
24447,A0
25250,B1
25257,B0
25265,B1
25888,B0
27447,R
25328,T1
25818,A1
26613,T0
26613,A0
27088,B1
27095,B0
27102,B1
27772,B0
29613,R
33721,T1
34241,A1
35037,T0
35037,A0
35306,B1
35980,B0
38037,R
33996,T1
34485,A1
35281,T0
35281,A0
35678,B1
36253,B0
38281,R
35277,T1
35767,A1
36593,T0
36593,A0
37055,B1
37063,B0
37071,B1
37652,B0
39593,R
32195,T1
32685,A1
33481,T0
33481,A0
34161,B1
34884,B0
36481,R
19316,T1
19836,A1
20632,A0
20639,T0
23632,R
19041,T1
19561,A1
20356,A0
20364,T0
23356,R
16082,T1
16602,A1
17397,T0
17397,A0
17914,B1
17921,B0
17929,B1
18778,B0
20397,R
33233,T1
33723,A1
34518,T0
34518,A0
35055,B1
35063,B0
35071,B1
35743,B0
37518,R
18828,T1
19348,A1
20144,T0
20144,A0
22735,B1
22742,B0
22750,B1
23144,R
252,B0
27739,T1
28260,A1
29055,T0
29055,A0
29394,B1
30151,B0
32055,R
33233,T1
33753,A1
34549,T0
34549,A0
35013,B1
35807,B0
37549,R
34422,T1
34943,A1
35738,T0
35738,A0
35816,B1
36587,B0
38738,R
32317,T1
32807,A1
33603,T0
33603,A0
34267,B1
34784,B0
36603,R
22917,T1
23407,A1
24203,T0
24203,A0
27203,R
27829,T1
28319,A1
29145,T0
29145,A0
29763,B1
29771,B0
29779,B1
30510,B0
32145,R
16081,T1
16571,A1
17397,T0
17397,A0
17990,B1
17997,B0
18005,B1
18711,B0
20397,R
16814,T1
17303,A1
18130,T0
18130,A0
18624,B1
19124,B0
21130,R
25272,B1
26379,B0
34179,T1
34699,A1
35494,T0
35494,A0
36018,B1
36575,B0
38494,R
16540,T1
17029,A1
17825,T0
17825,A0
18524,B1
19348,B0
20825,R
26671,T1
27191,A1
27987,T0
27987,A0
28391,B1
29095,B0
30987,R
30242,T1
30762,A1
31558,T0
31558,A0
31976,B1
32514,B0
34558,R
20109,T1
20630,A1
21425,T0
21425,A0
22142,B1
22151,B0
22159,B1
23044,B0
24425,R
28563,T1
29084,A1
29879,T0
29879,A0
30281,B1
31132,B0
32879,R
32455,B1
33141,B0
34149,T1
34639,A1
35434,T0
35434,A0
35841,B1
36626,B0
38434,R
28167,T1
28687,A1
29483,T0
29483,A0
30295,B1
31170,B0
32483,R
21117,T1
21637,A1
22433,A0
22440,T0
24515,B1
25433,R
25433,B0
19011,T1
19500,A1
20296,T0
20296,A0
20871,B1
21995,B0
23296,R
20904,T1
21393,A1
22189,T0
22189,A0
22865,B1
22874,B0
22882,B1
23516,B0
25189,R
21849,T1
22339,A1
23165,T0
23165,A0
23652,B1
24262,B0
26165,R
34331,T1
34821,A1
35617,T0
35617,A0
35996,B1
36658,B0
38617,R
33995,T1
34485,A1
35280,T0
35280,A0
35739,B1
36608,B0
38280,R
25329,T1
25849,A1
26645,T0
26645,A0
27373,B1
28267,B0
29645,R
34331,T1
34820,A1
35647,T0
35647,A0
35858,B1
36580,B0
38647,R
27190,T1
27679,A1
28506,T0
28506,A0
28920,B1
29611,B0
31506,R
d2000,w80,m200,s150,p3
19700,T1
21688,A1
22501,T0
22501,A0
25501,R
20468,T1
22487,A1
23270,T0
23270,A0
26270,R
30411,T1
32399,A1
33213,T0
33213,A0
36213,R
25454,T1
27473,A1
28256,A0
28263,T0
31256,R
30021,T1
32039,A1
32822,T0
32822,A0
35822,R
28609,T1
30627,A1
31411,T0
31411,A0
34411,R
25094,T1
27112,A1
27895,T0
27895,A0
30895,R
27588,T1
29606,A1
30389,T0
30389,A0
33389,R
26537,T1
28555,A1
29338,T0
29338,A0
32338,R
33535,T1
35554,A1
36337,T0
36337,A0
39337,R
27137,T1
29155,A1
29903,B1
29939,T0
29939,A0
30666,B0
32939,R
31045,T1
33033,A1
33445,B1
33848,T0
33848,A0
34235,B0
36848,R
24466,T1
26484,A1
27298,T0
27298,A0
27393,B1
28376,B0
30298,R
29513,T1
31531,A1
31605,B1
31612,B0
31620,B1
32317,T0
32317,A0
32641,B0
35317,R
30324,T1
32343,A1
32511,B1
32518,B0
32526,B1
33128,T0
33128,A0
33369,B0
36128,R
31736,T1
33754,A1
33992,B1
34000,B0
34007,B1
34539,T0
34539,A0
35065,B0
37539,R
33510,T1
35528,A1
35999,B1
36312,T0
36312,A0
36969,B0
39312,R
15663,T1
17681,A1
18465,T0
18465,A0
19659,B1
19668,B0
19676,B1
20791,B0
21465,R
18366,T1
20385,A1
20801,B1
20810,B0
20818,B1
21169,T0
21169,A0
21806,B0
24169,R
22152,T1
23965,B1
24141,A1
24954,T0
24954,A0
25424,B0
27954,R
20410,T1
22398,A1
22761,B1
23213,T0
23213,A0
23672,B0
26213,R
26599,T1
28245,B1
28588,A1
28971,B0
29401,T0
29401,A0
32401,R
31977,T1
33965,A1
34362,B1
34780,T0
34780,A0
35109,B0
37780,R
20680,T1
22668,A1
23317,B1
23482,T0
23482,A0
23962,B0
26482,R
23835,T1
25823,A1
26637,A0
26644,T0
27630,B1
27637,B0
27645,B1
28667,B0
29637,R
30955,T1
32974,A1
33193,B1
33202,B0
33210,B1
33758,A0
33766,T0
34050,B0
36758,R
30716,T1
32734,A1
33517,T0
33517,A0
33864,B1
33873,B0
33880,B1
34621,B0
36517,R
26870,T1
28888,A1
29433,B1
29442,B0
29450,B1
29672,T0
29672,A0
30190,B0
32672,R
29964,T1
31953,A1
32206,B1
32215,B0
32222,B1
32767,T0
32767,A0
33236,B0
35767,R
20681,T1
22669,A1
23250,B1
23259,B0
23266,B1
23483,T0
23483,A0
24115,B0
26483,R
20620,T1
22608,A1
22839,B1
22848,B0
22856,B1
23423,T0
23423,A0
23540,B0
26423,R
21131,T1
23149,A1
23491,B1
23934,T0
23934,A0
26902,B0
26934,R
23474,T1
25462,A1
25653,B1
26277,T0
26277,A0
26441,B0
29277,R
25187,T1
27175,A1
27656,B1
27665,B0
27673,B1
27990,T0
27990,A0
28371,B0
30990,R
34110,T1
36129,A1
36156,B1
36165,B0
36172,B1
36914,T0
36914,A0
37461,B0
39914,R
17255,T1
19273,A1
20015,B1
20057,T0
20057,A0
21925,B0
23057,R
25217,T1
27235,A1
28048,T0
28048,A0
29285,B1
30623,B0
31048,R
34171,T1
36189,A1
36775,B1
36784,B0
36792,B1
36973,T0
36973,A0
37629,B0
39973,R
22783,T1
24772,A1
25585,A0
25592,T0
25856,B1
25864,B0
25871,B1
26870,B0
28585,R
15512,T1
17531,A1
17702,B1
18316,T0
18316,A0
18579,B0
21316,R
21882,T1
23870,A1
24151,B1
24160,B0
24168,B1
24685,A0
24692,T0
24904,B0
27685,R
20920,T1
22936,B1
22936,A1
23676,B0
23724,T0
23724,A0
26724,R
32908,T1
34926,A1
35158,B1
35167,B0
35175,B1
35711,T0
35711,A0
36047,B0
38711,R
33179,T1
35168,A1
35308,B1
35316,B0
35323,B1
35952,T0
35952,A0
36264,B0
38952,R
32428,T1
34417,A1
34514,B1
34523,B0
34530,B1
35232,T0
35232,A0
36057,B0
38232,R
29063,T1
31081,A1
31598,B1
31607,B0
31615,B1
31865,T0
31865,A0
32575,B0
34865,R
26178,T1
28167,A1
28915,B1
28923,B0
28930,B1
28980,T0
28980,A0
29596,B0
31980,R
30415,T1
32433,A1
32449,B1
32458,B0
32465,B1
33219,T0
33219,A0
33452,B0
36219,R
26779,T1
28767,A1
29038,B1
29047,B0
29054,B1
29582,T0
29582,A0
29948,B0
32582,R
31467,T1
33485,A1
33772,B1
33781,B0
33788,B1
34270,T0
34270,A0
34688,B0
37270,R
21791,T1
23810,A1
23920,B1
23928,B0
23935,B1
24595,T0
24595,A0
24837,B0
27595,R
16714,T1
18732,A1
19546,T0
19546,A0
21148,B1
21157,B0
21164,B1
22343,B0
22546,R
21912,T1
23930,A1
23961,B1
23970,B0
23978,B1
24715,T0
24715,A0
24868,B0
27715,R
25518,T1
27506,A1
27717,B1
27726,B0
27733,B1
28321,T0
28321,A0
28567,B0
31321,R
23475,T1
25493,A1
25841,B1
25850,B0
25858,B1
26277,T0
26277,A0
27188,B0
29277,R
22243,T1
24261,A1
24541,B1
24550,B0
24557,B1
25046,T0
25046,A0
25244,B0
28046,R
16534,T1
18522,A1
19136,B1
19144,B0
19151,B1
19336,T0
19336,A0
19852,B0
22336,R
22213,T1
24134,B1
24142,B0
24149,B1
24201,A1
24993,B0
25015,T0
25015,A0
28015,R
19748,T1
21767,A1
22091,B1
22098,B0
22106,B1
22551,T0
22551,A0
22912,B0
25551,R
15302,T1
17321,A1
18104,T0
18104,A0
18924,B1
18933,B0
18940,B1
20140,B0
21104,R
23564,T1
25505,B1
25514,B0
25521,B1
25583,A1
26366,T0
26366,A0
26523,B0
29366,R
33901,T1
35889,A1
36136,B1
36145,B0
36152,B1
36704,T0
36704,A0
36861,B0
39704,R
21852,T1
23870,A1
24653,T0
24653,A0
25855,B1
25864,B0
25872,B1
26938,B0
27653,R
33359,T1
35347,A1
35727,B1
35736,B0
35743,B1
36162,T0
36162,A0
36473,B0
39162,R
27050,T1
29038,A1
29739,B1
29747,B0
29754,B1
29852,T0
29852,A0
30274,B0
32852,R
33690,T1
35678,A1
36044,B1
36051,B0
36059,B1
36492,A0
36500,T0
36865,B0
39492,R
30175,T1
32163,A1
32834,B1
32841,B0
32849,B1
32977,T0
32977,A0
33610,B0
35977,R
18998,T1
20986,A1
21799,T0
21799,A0
22108,B1
22116,B0
22123,B1
22891,B0
24799,R
30625,T1
32644,A1
33125,B1
33134,B0
33142,B1
33428,T0
33428,A0
33901,B0
36428,R
26058,T1
28077,A1
28860,T0
28860,A0
29090,B1
29097,B0
29105,B1
29776,B0
31860,R
d2000,w80,m150,s300,p3
33296,T1
34795,A1
35591,T0
35591,A0
35711,B1
36559,B0
38591,R
16234,T1
17733,A1
18206,B1
18530,T0
18530,A0
18901,B0
21530,R
21483,T1
22982,A1
23448,B1
23779,T0
23779,A0
24202,B0
26779,R
30699,T1
32198,A1
32801,B1
32995,T0
32995,A0
33408,B0
35995,R
33720,T1
35220,A1
35574,B1
36017,T0
36017,A0
36515,B0
39017,R
31980,T1
33480,A1
34132,B1
34276,A0
34283,T0
34958,B0
37276,R
22673,T1
24173,A1
24968,T0
24968,A0
25149,B1
25906,B0
27968,R
32500,T1
34000,A1
34323,B1
34797,T0
34797,A0
35220,B0
37797,R
31920,T1
33419,A1
34215,T0
34215,A0
34499,B1
35213,B0
37215,R
29112,T1
30642,A1
30822,B1
31440,T0
31440,A0
31560,B0
34440,R
20811,T1
22310,A1
23106,T0
23106,A0
23456,B1
23464,B0
23472,B1
24010,B0
26106,R
29692,T1
31192,A1
31476,B1
31989,T0
31989,A0
32256,B0
34989,R
17180,T1
18679,A1
19475,T0
19475,A0
20303,B1
21473,B0
22475,R
21666,T1
23165,A1
23684,B1
23962,T0
23962,A0
24577,B0
26962,R
15043,T1
16543,A1
17287,B1
17339,T0
17339,A0
18183,B0
20339,R
22948,T1
24447,A1
24793,B1
24802,B0
24810,B1
25244,T0
25244,A0
25479,B0
25486,B1
25589,B0
28244,R
25969,T1
27468,A1
27896,B1
28265,T0
28265,A0
28881,B0
31265,R
16814,T1
18313,A1
19140,T0
19140,A0
19567,B1
19576,B0
19584,B1
20358,B0
22140,R
29600,T1
31100,A1
31891,B1
31891,T0
31891,A0
32688,B0
34891,R
20114,T1
21614,A1
22440,T0
22440,A0
22701,B1
22708,B0
22716,B1
23604,B0
25440,R
20232,T1
21731,A1
22234,B1
22241,B0
22249,B1
22528,T0
22528,A0
22967,B0
25528,R
28929,T1
30429,A1
31088,B1
31225,A0
31232,T0
32015,B0
34225,R
23131,T1
24630,A1
25456,T0
25456,A0
25620,B1
25629,B0
25637,B1
26230,B0
28456,R
15471,T1
16970,A1
17797,T0
17797,A0
20797,R
29843,T1
31343,A1
32023,B1
32032,B0
32039,B1
32139,T0
32139,A0
32704,B0
35139,R
23100,T1
24599,A1
25395,T0
25395,A0
25508,B1
26273,B0
28395,R
19011,T1
20510,A1
20996,B1
21307,T0
21307,A0
21694,B0
24307,R
23772,T1
25271,A1
26067,T0
26067,A0
27020,B1
27947,B0
29067,R
32713,T1
34213,A1
34377,B1
34386,B0
34394,B1
35010,T0
35010,A0
35400,B0
38010,R
22460,T1
23959,A1
24755,T0
24755,A0
26137,B1
26145,B0
26152,B1
27220,B0
27755,R
19835,T1
21334,A1
22130,T0
22130,A0
22952,B1
23905,B0
25130,R
26183,T1
27682,A1
28068,B1
28077,B0
28084,B1
28479,T0
28479,A0
28811,B0
31479,R
16661,T1
18160,A1
18956,T0
18956,A0
19816,B1
19823,B0
19831,B1
20606,B0
21956,R
17607,T1
19107,A1
19631,B1
19641,B0
19648,B1
19934,T0
19934,A0
20477,B0
22934,R
20109,T1
21609,A1
22302,B1
22309,B0
22317,B1
22405,T0
22405,A0
23054,B0
25405,R
28105,T1
29635,A1
29899,B1
29907,B0
29914,B1
30432,T0
30432,A0
30851,B0
33432,R
31340,T1
32840,A1
33419,B1
33427,B0
33434,B1
33667,T0
33667,A0
34083,B0
36667,R
28044,T1
29544,A1
30188,B1
30196,B0
30203,B1
30340,T0
30340,A0
31024,B0
33340,R
25389,T1
26889,A1
27356,B1
27365,B0
27372,B1
27685,T0
27685,A0
29023,B0
30685,R
15257,T1
16787,A1
17583,T0
17583,A0
17600,B1
17608,B0
17615,B1
18513,B0
20583,R
27709,T1
29208,A1
29606,B1
29613,B0
29621,B1
30005,T0
30005,A0
30449,B0
33005,R
25969,T1
27469,A1
27959,B1
27967,B0
27974,B1
28265,T0
28265,A0
29140,B0
31265,R
34453,T1
35953,A1
36321,B1
36750,T0
36750,A0
37469,B0
39750,R
15684,T1
17183,A1
17979,T0
17979,A0
19537,B1
19545,B0
19552,B1
20445,B0
20979,R
33507,T1
35006,A1
35802,A0
35810,T0
35898,B1
35905,B0
35913,B1
36825,B0
38802,R
29174,T1
30673,A1
31153,B1
31162,B0
31169,B1
31470,T0
31470,A0
32096,B0
34470,R
32896,T1
34396,A1
35222,T0
35222,A0
35954,B1
35962,B0
35969,B1
37259,B0
38222,R
24779,T1
26279,A1
26526,B1
26533,B0
26541,B1
27106,T0
27106,A0
27486,B0
30106,R
29631,T1
31162,A1
31201,B1
31208,B0
31215,B1
31959,T0
31959,A0
32588,B0
34959,R
14769,T1
16269,A1
17064,T0
17064,A0
17718,B1
17725,B0
17733,B1
18835,B0
20064,R
31066,T1
32565,A1
33328,B1
33337,B0
33345,B1
33361,T0
33361,A0
34413,B0
36361,R
32744,T1
34244,A1
34588,B1
35041,T0
35041,A0
35695,B0
38041,R
30119,T1
31618,A1
32414,T0
32414,A0
32429,B1
33542,B0
35414,R
29204,T1
30703,A1
31189,B1
31198,B0
31205,B1
31500,T0
31500,A0
32347,B0
34500,R
23131,T1
24630,A1
25426,T0
25426,A0
25782,B1
25789,B0
25797,B1
26721,B0
28426,R
17088,T1
18588,A1
19384,T0
19384,A0
19704,B1
19712,B0
19719,B1
20581,B0
22384,R
22825,T1
24356,A1
24488,B1
24497,B0
24504,B1
25153,T0
25153,A0
26021,B0
26029,B1
28153,R
698,B0
16478,T1
17977,A1
18596,B1
18773,T0
18773,A0
19604,B0
21773,R
19866,T1
21365,A1
21818,B1
21826,B0
21833,B1
22162,T0
22162,A0
22919,B0
25162,R
24199,T1
25698,A1
25973,B1
25981,B0
25988,B1
26526,T0
26526,A0
27265,B0
29526,R
22978,T1
24478,A1
25304,T0
25304,A0
25498,B1
25508,B0
25515,B1
26568,B0
28304,R
d2000,w80,m250,s150,p3
23395,T1
25925,A1
26147,B1
26710,T0
26710,A0
27379,B0
29710,R
20199,T1
22700,A1
23186,B1
23484,T0
23484,A0
23968,B0
26484,R
20560,T1
22935,B1
23061,A1
23874,T0
23874,A0
24076,B0
26874,R
32247,T1
34748,A1
35450,B1
35531,T0
35531,A0
36368,B0
38531,R
33209,T1
35710,A1
36188,B1
36524,T0
36524,A0
37008,B0
39524,R
14671,T1
17172,A1
17706,B1
17986,T0
17986,A0
18545,B0
20986,R
32518,T1
35018,A1
35326,B1
35833,T0
35833,A0
36462,B0
38833,R
22302,T1
24803,A1
25472,B1
25617,T0
25617,A0
26411,B0
28617,R
27920,T1
30421,A1
30667,B1
31236,T0
31236,A0
31390,B0
34236,R
28462,T1
30962,A1
31775,T0
31775,A0
33114,B1
34501,B0
34775,R
29724,T1
32224,A1
32488,B1
32497,B0
32505,B1
33009,T0
33009,A0
33511,B0
36009,R
30685,T1
33185,A1
33999,A0
34006,T0
34463,B1
34472,B0
34480,B1
35490,B0
36999,R
31226,T1
33688,B1
33697,B0
33704,B1
33726,A1
34510,T0
34510,A0
34704,B0
37510,R
27200,T1
29700,A1
29794,B1
29801,B0
29809,B1
30515,T0
30515,A0
30676,B0
33515,R
31497,T1
33997,A1
34298,B1
34782,T0
34782,A0
35045,B0
37782,R
13950,T1
16450,A1
16686,B1
16695,B0
16703,B1
17235,T0
17235,A0
17599,B0
20235,R
19358,T1
21858,A1
22278,B1
22287,B0
22294,B1
22673,T0
22673,A0
23034,B0
25673,R
15692,T1
18193,A1
18976,T0
18976,A0
19902,B1
19911,B0
19918,B1
20897,B0
21976,R
24436,T1
26482,B1
26491,B0
26499,B1
26937,A1
27506,B0
27720,T0
27720,A0
30720,R
28702,T1
31202,A1
31413,B1
31421,B0
31428,B1
31987,A0
31995,T0
32705,B0
34987,R
33269,T1
35769,A1
36323,B1
36332,B0
36340,B1
36584,T0
36584,A0
37599,B0
39584,R
15512,T1
18012,A1
18796,T0
18796,A0
19379,B1
19387,B0
19394,B1
20346,B0
21796,R
19268,T1
21694,B1
21702,B0
21709,B1
21768,A1
22552,T0
22552,A0
22942,B0
25552,R
16834,T1
19312,B1
19320,B0
19327,B1
19327,A1
20120,T0
20120,A0
20165,B0
23120,R
25187,T1
27687,A1
28110,B1
28118,B0
28125,B1
28471,T0
28471,A0
29088,B0
31471,R
23925,T1
26110,B1
26118,B0
26125,B1
26426,A1
27185,B0
27239,T0
27239,A0
30239,R
26840,T1
29316,B1
29325,B0
29332,B1
29340,A1
30125,T0
30125,A0
30320,B0
33125,R
33600,T1
36100,A1
36176,B1
36183,B0
36191,B1
36916,T0
36916,A0
37076,B0
39916,R
31887,T1
34387,A1
34504,B1
34512,B0
34520,B1
35202,T0
35202,A0
35364,B0
38202,R
18667,T1
21168,A1
21673,B1
21680,B0
21688,B1
21952,T0
21952,A0
22582,B0
24952,R
25758,T1
27879,B1
27886,B0
27894,B1
28258,A1
28946,B0
29072,A0
29079,T0
32072,R
31196,T1
33689,B1
33689,A1
34512,T0
34512,A0
34756,B0
37512,R
16774,T1
19274,A1
19386,B1
19395,B0
19402,B1
20089,A0
20097,T0
20493,B0
23089,R
17345,T1
19776,B1
19784,B0
19791,B1
19846,A1
20660,T0
20660,A0
20819,B0
23660,R
31586,T1
34116,A1
34615,B1
34622,B0
34630,B1
34901,T0
34901,A0
36917,B0
37901,R
29242,T1
31743,A1
32215,B1
32222,B0
32230,B1
32557,T0
32557,A0
33305,B0
35557,R
20109,T1
22610,A1
23037,B1
23424,A0
23432,T0
23940,B0
26424,R
15392,T1
17893,A1
18108,B1
18116,B0
18123,B1
18708,T0
18708,A0
19234,B0
21708,R
28972,T1
31218,B1
31226,B0
31234,B1
31473,A1
32256,A0
32264,T0
32331,B0
35256,R
14341,T1
16841,A1
17624,T0
17624,A0
17804,B1
17812,B0
17820,B1
19091,B0
20624,R
29965,T1
32383,B1
32390,B0
32398,B1
32465,A1
33249,T0
33249,A0
33498,B0
36249,R
30835,T1
32620,B1
32628,B0
32635,B1
33335,A1
33502,B0
34149,T0
34149,A0
35269,B1
35277,B0
35284,B1
36052,B0
37149,R
14761,T1
17262,A1
17696,B1
17705,B0
17713,B1
18076,T0
18076,A0
18441,B0
21076,R
30655,T1
33013,B1
33021,B0
33028,B1
33156,A1
33917,B0
33969,T0
33969,A0
36969,R
21011,T1
23511,A1
24071,B1
24078,B0
24086,B1
24295,T0
24295,A0
24707,B0
27295,R
15813,T1
18313,A1
18508,B1
18516,B0
18523,B1
19128,T0
19128,A0
19443,B0
22128,R
32278,T1
34499,B1
34506,B0
34514,B1
34779,A1
35448,B0
35592,T0
35592,A0
38592,R
33149,T1
35649,A1
35771,B1
35780,B0
35787,B1
36465,T0
36465,A0
36499,B0
39465,R
22480,B1
22488,B0
22495,B1
24999,B0
28372,T1
30872,A1
31079,B1
31088,B0
31095,B1
31688,T0
31688,A0
31814,B0
34688,R
13920,T1
16420,A1
17203,T0
17203,A0
18027,B1
18976,B0
20203,R
22543,T1
25043,A1
25396,B1
25858,T0
25858,A0
26239,B0
28858,R
25848,T1
28348,A1
28469,B1
28477,B0
28484,B1
29164,T0
29164,A0
29268,B0
32164,R
18637,T1
21137,A1
21266,B1
21274,B0
21281,B1
21952,T0
21952,A0
22164,B0
24952,R
31857,T1
34357,A1
34662,B1
34670,B0
34677,B1
35172,T0
35172,A0
35513,B0
38172,R
25367,T1
27868,A1
28087,B1
28095,B0
28102,B1
28683,T0
28683,A0
29049,B0
31683,R
32848,T1
35349,A1
35597,B1
35605,B0
35612,B1
36163,T0
36163,A0
36307,B0
39163,R
31677,T1
34178,A1
34862,B1
34869,B0
34877,B1
34991,T0
34991,A0
35593,B0
37991,R
17886,T1
20387,A1
20709,B1
20718,B0
20726,B1
21202,T0
21202,A0
21618,B0
24202,R
18516,T1
20928,B1
20936,B0
20943,B1
21017,A1
21831,T0
21831,A0
21930,B0
24831,R
24555,T1
26836,B1
26845,B0
26853,B1
27056,A1
27741,B0
27839,T0
27839,A0
30839,R
d2000,w80,m250,s300,p3
22310,T1
24819,A1
25615,A0
25622,T0
28615,R
29629,T1
32139,A1
32934,T0
32934,A0
35934,R
29385,T1
31895,A1
32327,B1
32691,T0
32691,A0
33145,B0
35691,R
1255,B1
1262,B0
1269,B1
3209,B0
27190,T1
29699,A1
29740,B1
30497,T0
30497,A0
30520,B0
33497,R
25480,T1
27990,A1
28786,T0
28786,A0
29184,B1
29193,B0
29200,B1
30123,B0
31786,R
17973,T1
20250,B1
20259,B0
20267,B1
20452,A1
21236,B0
21247,T0
21247,A0
24247,R
18645,T1
20680,B1
21154,A1
21708,B0
21950,T0
21950,A0
24950,R
29997,T1
32476,A1
32587,B1
33274,T0
33274,A0
33862,B0
36274,R
29783,T1
32074,B1
32083,B0
32091,B1
32293,A1
32988,B0
33089,T0
33089,A0
36089,R
14421,B1
14429,B0
14436,B1
16760,B0
22581,T1
25090,A1
25363,B1
25372,B0
25379,B1
25887,T0
25887,A0
26119,B0
28887,R
32897,T1
35406,A1
36202,T0
36202,A0
36882,B1
36891,B0
36899,B1
37943,B0
39202,R
19590,T1
21873,B1
21882,B0
21889,B1
22100,A1
22896,T0
22896,A0
22910,B0
25896,R
11858,B1
11866,B0
11874,B1
13250,B0
26580,T1
29090,A1
29218,B1
29227,B0
29234,B1
29853,B0
29887,T0
29887,A0
32887,R
25694,T1
28173,A1
28999,T0
28999,A0
29920,B1
30874,B0
31999,R
16814,T1
18989,B1
19323,A1
19948,B0
20119,T0
20119,A0
23119,R
21055,T1
23274,B1
23283,B0
23290,B1
23565,A1
24110,B0
24361,T0
24361,A0
27361,R
14219,T1
16728,A1
17022,B1
17031,B0
17039,B1
17525,T0
17525,A0
17915,B0
20525,R
27861,T1
29940,B1
29949,B0
29957,B1
30371,A1
30940,B0
31166,T0
31166,A0
34166,R
18950,T1
21210,B1
21219,B0
21227,B1
21460,A1
22010,B0
22255,T0
22255,A0
25255,R
15410,T1
17896,B1
17905,B0
17912,B1
17912,A1
18628,B0
18717,T0
18717,A0
21717,R
21910,T1
24389,A1
24725,B1
24732,B0
24740,B1
25185,T0
25185,A0
25482,B0
28185,R
24565,T1
27002,B1
27010,B0
27017,B1
27075,A1
27842,B0
27871,T0
27871,A0
30871,R
29356,T1
31865,A1
32088,B1
32095,B0
32103,B1
32662,T0
32662,A0
33001,B0
35662,R
16752,T1
19231,A1
19288,B1
19296,B0
19303,B1
20029,T0
20029,A0
20353,B0
23029,R
16935,T1
19313,B1
19321,B0
19328,B1
19445,A1
20241,T0
20241,A0
20255,B0
23241,R
25846,T1
28006,B1
28013,B0
28021,B1
28356,A1
28779,B0
29151,T0
29151,A0
32151,R
26122,T1
28539,B1
28548,B0
28556,B1
28631,A1
29418,B0
29427,T0
29427,A0
32427,R
20750,T1
23260,A1
24055,T0
24055,A0
24189,B1
24198,B0
24205,B1
24969,B0
27055,R
16722,T1
19215,B1
19223,B0
19230,B1
19230,A1
20023,B0
20023,T0
20023,A0
23023,R
20024,T1
22275,B1
22283,B0
22290,B1
22534,A1
23115,B0
23329,A0
23337,T0
26329,R
23802,T1
26013,B1
26022,B0
26029,B1
26281,A1
26957,B0
27108,T0
27108,A0
30108,R
32194,T1
34703,A1
35052,B1
35061,B0
35069,B1
35500,T0
35500,A0
35768,B0
38500,R
22673,T1
25182,A1
25418,B1
25426,B0
25433,B1
25980,T0
25980,A0
26323,B0
28980,R
24381,T1
26373,B1
26382,B0
26389,B1
26861,A1
27443,B0
27687,T0
27687,A0
30687,R
22856,T1
25334,B1
25334,A1
26132,T0
26132,A0
26314,B0
29132,R
17820,T1
20232,B1
20241,B0
20249,B1
20330,A1
21126,T0
21126,A0
21454,B0
24126,R
28868,T1
31377,A1
32173,T0
32173,A0
32408,B1
32417,B0
32424,B1
33020,B0
35173,R
25602,T1
27933,B1
27942,B0
27950,B1
28112,A1
28763,B0
28908,T0
28908,A0
31908,R
29295,T1
31774,A1
32323,B1
32601,T0
32601,A0
32949,B0
35601,R
24626,T1
27135,A1
27443,B1
27932,T0
27932,A0
28356,B0
30932,R
30974,T1
33483,A1
34007,B1
34280,T0
34280,A0
34683,B0
37280,R
15195,T1
17705,A1
18501,T0
18501,A0
18551,B1
19457,B0
21501,R
21238,T1
23560,B1
23567,B0
23575,B1
23748,A1
24467,B0
24544,T0
24544,A0
27544,R
15073,T1
17411,B1
17419,B0
17426,B1
17583,A1
18258,B0
18379,T0
18379,A0
21379,R
33292,T1
35802,A1
36212,B1
36221,B0
36229,B1
36599,T0
36599,A0
37081,B0
39599,R
24046,T1
26555,A1
26874,B1
26882,B0
26890,B1
27352,T0
27352,A0
27863,B0
30352,R
17942,T1
20147,B1
20154,B0
20162,B1
20452,A1
21064,B0
21248,T0
21248,A0
24248,R
21421,T1
23931,A1
24287,B1
24296,B0
24303,B1
24727,A0
24735,T0
25147,B0
27727,R
25298,T1
27777,A1
28107,B1
28114,B0
28122,B1
28604,T0
28604,A0
29153,B0
31604,R
31004,T1
33514,A1
33789,B1
33797,B0
33804,B1
34311,T0
34311,A0
34551,B0
37311,R
17973,T1
20482,A1
20944,B1
20951,B0
20958,B1
21279,T0
21279,A0
21688,B0
24279,R
28074,T1
30583,A1
30745,B1
30752,B0
30760,B1
31381,T0
31381,A0
31512,B0
34381,R
24137,T1
26647,A1
27197,B1
27206,B0
27214,B1
27443,T0
27443,A0
27888,B0
30443,R
26122,T1
28631,A1
28656,B1
28665,B0
28673,B1
29429,T0
29429,A0
29443,B0
32429,R
25724,T1
27742,B1
27749,B0
27757,B1
28234,A1
29030,T0
29030,A0
29285,B0
32030,R
25358,T1
27837,A1
28663,T0
28663,A0
29414,B1
30633,B0
31663,R
17576,T1
20086,A1
20881,T0
20881,A0
20981,B1
20989,B0
20996,B1
21881,B0
23881,R
13823,T1
16332,A1
16885,B1
16893,B0
16900,B1
17129,T0
17129,A0
17877,B0
20129,R
27250,T1
29760,A1
30030,B1
30038,B0
30045,B1
30557,T0
30557,A0
31241,B0
33557,R
16355,T1
18865,A1
19264,B1
19272,B0
19279,B1
19661,T0
19661,A0
20701,B0
22661,R
22551,T1
25060,A1
25429,B1
25437,B0
25444,B1
25857,T0
25857,A0
26836,B0
28857,R
25603,T1
27896,B1
27903,B0
27911,B1
28112,A1
28908,T0
28908,A0
31856,B0
31908,R
d2000,w80,m150,s150,p3
30484,T1
31990,A1
32449,B1
32805,T0
32805,A0
33355,B0
35805,R
27140,T1
28646,A1
29263,B1
29430,T0
29430,A0
30121,B0
32430,R
19658,T1
21134,A1
21948,T0
21948,A0
22086,B1
22094,B0
22101,B1
22851,B0
24948,R
26058,T1
27564,A1
27846,B1
28349,T0
28349,A0
30853,B0
31349,R
15963,T1
17469,A1
18283,T0
18283,A0
19625,B1
21102,B0
21283,R
26839,T1
28345,A1
28781,B1
29130,T0
29130,A0
29917,B0
32130,R
15873,T1
17379,A1
18037,B1
18045,B0
18052,B1
18193,T0
18193,A0
18739,B0
21193,R
23985,T1
25491,A1
26002,B1
26011,B0
26018,B1
26275,T0
26275,A0
26924,B0
29275,R
23264,T1
24741,A1
25528,B1
25536,B0
25543,B1
25554,T0
25554,A0
26496,B0
28554,R
20230,T1
21736,A1
22519,T0
22519,A0
22741,B1
22748,B0
22756,B1
23521,B0
25519,R
28342,T1
29848,A1
30186,B1
30194,B0
30201,B1
30633,T0
30633,A0
31043,B0
33633,R
16383,T1
17889,A1
18398,B1
18406,B0
18413,B1
18704,T0
18704,A0
19242,B0
21704,R
25968,T1
27474,A1
27888,B1
27896,B0
27903,B1
28289,T0
28289,A0
28641,B0
31289,R
15783,T1
17259,A1
17935,B1
17943,B0
17950,B1
18073,T0
18073,A0
18662,B0
21073,R
21581,T1
23087,A1
23871,T0
23871,A0
23913,B1
23920,B0
23928,B1
24712,B0
26871,R
29994,T1
31500,A1
32128,B1
32136,B0
32143,B1
32284,T0
32284,A0
33217,B0
35284,R
32128,T1
33634,A1
34158,B1
34166,B0
34173,B1
34448,T0
34448,A0
35524,B0
37448,R
32518,T1
34025,A1
34666,B1
34839,T0
34839,A0
35660,B0
37839,R
15151,T1
16658,A1
17471,T0
17471,A0
18339,B1
18347,B0
18354,B1
19743,B0
20471,R
26028,T1
27534,A1
27704,B1
27713,B0
27720,B1
28319,T0
28319,A0
28682,B0
31319,R
27110,T1
28617,A1
29317,B1
29430,T0
29430,A0
30282,B0
32430,R
23054,T1
24560,A1
25096,B1
25104,B0
25111,B1
25344,T0
25344,A0
26009,B0
28344,R
30475,T1
31981,A1
32363,B1
32370,B0
32378,B1
32766,T0
32766,A0
33347,B0
35766,R
25698,T1
27174,A1
27946,B1
27954,B0
27961,B1
27987,T0
27987,A0
28888,B0
30987,R
16474,T1
17981,A1
18794,T0
18794,A0
19405,B1
19413,B0
19420,B1
21794,R
1982,B0
25668,T1
27174,A1
27657,B1
27664,B0
27672,B1
27958,T0
27958,A0
28924,B0
30958,R
21251,T1
22758,A1
23139,B1
23146,B0
23154,B1
23572,T0
23572,A0
24301,B0
26572,R
19238,T1
20744,A1
21558,T0
21558,A0
21856,B1
21864,B0
21871,B1
23123,B0
24558,R
31286,T1
32792,A1
33185,B1
33194,B0
33202,B1
33577,T0
33577,A0
34256,B0
36577,R
17585,T1
19061,A1
19875,T0
19875,A0
21074,B1
21081,B0
21089,B1
22590,B0
22875,R
27260,T1
28766,A1
29161,B1
29170,B0
29177,B1
29550,T0
29550,A0
29977,B0
32550,R
16234,T1
17740,A1
18524,T0
18524,A0
20294,B1
21524,R
341,B0
20229,T1
21735,A1
21947,B1
21956,B0
21963,B1
22550,T0
22550,A0
23148,B0
25550,R
27380,T1
28887,A1
29195,B1
29671,T0
29671,A0
30157,B0
32671,R
28673,T1
30179,A1
30709,B1
30963,T0
30963,A0
31722,B0
33963,R
25548,T1
27024,A1
27837,T0
27837,A0
28176,B1
28183,B0
28191,B1
29081,B0
30837,R
33269,T1
34775,A1
35321,B1
35328,B0
35336,B1
35590,T0
35590,A0
36451,B0
38590,R
20409,T1
21886,A1
22699,T0
22699,A0
24147,B1
24155,B0
24162,B1
25253,B0
25699,R
22032,T1
23538,A1
24239,B1
24248,B0
24255,B1
24352,T0
24352,A0
25489,B0
27352,R
15693,T1
17199,A1
18012,T0
18012,A0
18103,B1
18110,B0
18118,B1
19600,B0
21012,R
19689,T1
21196,A1
21626,B1
21633,B0
21641,B1
21980,A0
21987,T0
22694,B0
24980,R
18487,T1
19993,A1
20524,B1
20777,T0
20777,A0
21790,B0
23777,R
20320,T1
21826,A1
22012,B1
22019,B0
22027,B1
22611,T0
22611,A0
22903,B0
25611,R
33539,T1
35016,A1
35328,B1
35337,B0
35345,B1
35830,T0
35830,A0
36352,B0
38830,R
16114,T1
17620,A1
18403,T0
18403,A0
18479,B1
18488,B0
18496,B1
19269,B0
21403,R
33750,T1
35256,A1
35469,B1
35476,B0
35484,B1
36041,T0
36041,A0
36607,B0
39041,R
26719,T1
28225,A1
28821,B1
29009,T0
29009,A0
29713,B0
32009,R
27741,T1
29248,A1
29652,B1
29661,B0
29669,B1
30062,T0
30062,A0
31090,B0
33062,R
19899,T1
21405,A1
22091,B1
22098,B0
22106,B1
22189,T0
22189,A0
24085,B0
25189,R
31827,T1
33333,A1
33897,B1
33904,B0
33912,B1
34147,T0
34147,A0
35024,B0
37147,R
30415,T1
31891,A1
32705,T0
32705,A0
33962,B1
33969,B0
33977,B1
35111,B0
35705,R
18426,T1
19933,A1
20638,B1
20647,B0
20655,B1
20746,T0
20746,A0
21634,B0
23746,R
31767,T1
33274,A1
33516,B1
33523,B0
33531,B1
34058,T0
34058,A0
35154,B0
37058,R
28943,T1
30449,A1
31084,B1
31091,B0
31099,B1
31233,T0
31233,A0
32031,B0
34233,R
25638,T1
27144,A1
27598,B1
27606,B0
27613,B1
27958,T0
27958,A0
28797,B0
30958,R
27441,T1
28947,A1
29760,T0
29760,A0
30737,B1
32175,B0
32760,R
26750,T1
28256,A1
28622,B1
28629,B0
28637,B1
29040,T0
29040,A0
29617,B0
32040,R
23535,T1
25041,A1
25824,A0
25832,T0
26926,B1
28132,B0
28824,R
32458,T1
33965,A1
34018,B1
34025,B0
34033,B1
34750,T0
34750,A0
34979,B0
37750,R
26058,T1
27564,A1
28348,T0
28348,A0
30137,B1
30144,B0
30152,B1
31348,R
d2000,w80,m200,s300,p3
116,B0
19472,T1
21492,A1
22287,T0
22287,A0
23448,B1
24426,B0
25287,R
20049,T1
22038,A1
22812,B1
22821,B0
22829,B1
22829,T0
22829,A0
23731,B0
25829,R
25546,T1
27512,B1
27520,B0
27527,B1
27536,A1
28329,B0
28329,T0
28329,A0
31329,R
25454,T1
27474,A1
27815,B1
27822,B0
27830,B1
28271,T0
28271,A0
28660,B0
31271,R
30058,T1
32047,A1
32220,B1
32228,B0
32235,B1
32845,T0
32845,A0
33259,B0
35845,R
33567,T1
35557,A1
35695,B1
35704,B0
35712,B1
36354,T0
36354,A0
36660,B0
39354,R
32958,T1
34765,B1
34773,B0
34780,B1
34947,A1
35743,T0
35743,A0
36464,B0
38743,R
28532,T1
30462,B1
30470,B0
30477,B1
30521,A1
31317,T0
31317,A0
31551,B0
34317,R
24748,T1
26737,A1
26867,B1
26874,B0
26882,B1
27535,T0
27535,A0
27638,B0
30535,R
25633,T1
27653,A1
27922,B1
27929,B0
27937,B1
28450,T0
28450,A0
28793,B0
31450,R
17851,T1
19840,A1
20635,A0
20643,T0
21053,B1
21060,B0
21068,B1
22277,B0
23635,R
21941,T1
23930,A1
24002,B1
24010,B0
24017,B1
24728,T0
24728,A0
24875,B0
27728,R
24198,T1
26218,A1
26404,B1
26412,B0
26419,B1
27016,T0
27016,A0
27547,B0
30016,R
33384,T1
35404,A1
35920,B1
35927,B0
35935,B1
36201,A0
36208,T0
36858,B0
39201,R
29447,T1
31437,A1
32232,T0
32232,A0
33034,B1
33042,B0
33049,B1
34527,B0
35232,R
23223,T1
25212,A1
25555,B1
25562,B0
25570,B1
26009,T0
26009,A0
26644,B0
29009,R
14341,T1
16361,A1
17004,B1
17012,B0
17019,B1
17157,T0
17157,A0
17976,B0
20157,R
20109,T1
22099,A1
22108,B1
22116,B0
22123,B1
22927,T0
22927,A0
23350,B0
25927,R
31645,T1
31861,B1
31869,B0
31877,B1
33392,B0
33635,A1
34430,T0
34430,A0
34563,B1
34570,B0
34577,B1
35548,B0
37430,R
19683,T1
21672,A1
22467,T0
22467,A0
23405,B1
23412,B0
23420,B1
24504,B0
25467,R
23803,T1
25792,A1
26237,B1
26244,B0
26252,B1
26588,T0
26588,A0
27020,B0
29588,R
14891,T1
16880,A1
17676,T0
17676,A0
18395,B1
18402,B0
18410,B1
19692,B0
20676,R
29875,T1
31868,B1
31875,B0
31883,B1
31895,A1
32691,T0
32691,A0
33133,B0
35691,R
27922,T1
29911,A1
30707,T0
30707,A0
31399,B1
32410,B0
33707,R
33293,T1
35282,A1
35529,B1
35536,B0
35544,B1
36079,T0
36079,A0
36366,B0
39079,R
27281,T1
29271,A1
29527,B1
29535,B0
29542,B1
30068,T0
30068,A0
30585,B0
33068,R
31309,T1
33298,A1
33306,B1
34096,T0
34096,A0
34739,B0
37096,R
21208,T1
23197,A1
23993,T0
23993,A0
24703,B1
24711,B0
24718,B1
26124,B0
26993,R
29662,T1
31651,A1
31795,B1
31803,B0
31810,B1
32448,T0
32448,A0
32682,B0
35448,R
26762,T1
28782,A1
29073,B1
29080,B0
29088,B1
29579,T0
29579,A0
30139,B0
32579,R
20812,T1
22831,A1
22892,B1
22899,B0
22907,B1
23629,T0
23629,A0
24184,B0
26629,R
31065,T1
33054,A1
33427,B1
33434,B0
33442,B1
33851,A0
33859,T0
34713,B0
36851,R
23345,T1
25334,A1
25613,B1
25620,B0
25627,B1
26131,T0
26131,A0
26917,B0
29131,R
27922,T1
29942,A1
30239,B1
30247,B0
30254,B1
30739,T0
30739,A0
31385,B0
33739,R
26457,T1
28476,A1
29272,T0
29272,A0
29339,B1
29347,B0
29354,B1
30592,B0
32272,R
16326,T1
18345,A1
18517,B1
18524,B0
18532,B1
19143,T0
19143,A0
19516,B0
22143,R
28746,T1
30765,A1
31162,B1
31169,B0
31177,B1
31562,T0
31562,A0
32485,B0
34562,R
23589,T1
25578,A1
26374,T0
26374,A0
28187,B1
28194,B0
28202,B1
29374,R
152,B0
9426,B1
9432,B0
9439,B1
12366,B0
16508,T1
18528,A1
18794,B1
18802,B0
18809,B1
19325,A0
19332,T0
19597,B0
22325,R
24992,T1
26981,A1
27520,B1
27527,B0
27534,B1
27778,T0
27778,A0
29065,B0
30778,R
27800,T1
29789,A1
30194,B1
30201,B0
30209,B1
30585,A0
30593,T0
30970,B0
33585,R
20873,T1
22893,A1
23688,T0
23688,A0
24348,B1
24356,B0
24363,B1
25389,B0
26688,R
27037,T1
29026,A1
29092,B1
29100,B0
29107,B1
29855,T0
29855,A0
30184,B0
30192,B1
30199,B0
32855,R
31126,T1
33115,A1
33172,B1
33179,B0
33187,B1
33944,T0
33944,A0
34097,B0
36944,R
15257,T1
17276,A1
17982,B1
17990,B0
17997,B1
18073,T0
18073,A0
18879,B0
21073,R
33415,T1
35435,A1
35658,B1
35665,B0
35673,B1
36232,A0
36239,T0
36914,B0
39232,R
22703,T1
24723,A1
25518,A0
25526,T0
26458,B1
26466,B0
26473,B1
28518,R
1647,B0
19622,T1
21611,A1
22406,T0
22406,A0
22575,B1
22583,B0
22590,B1
23460,B0
25406,R
24200,T1
26065,B1
26073,B0
26080,B1
26189,A1
26985,T0
26985,A0
27137,B0
29985,R
21391,T1
23380,A1
23445,B1
23452,B0
23460,B1
24177,T0
24177,A0
24346,B0
27177,R
17272,T1
19291,A1
19840,B1
19848,B0
19855,B1
20088,T0
20088,A0
20818,B0
23088,R
28013,T1
30002,A1
30475,B1
30483,B0
30491,B1
30830,T0
30830,A0
31688,B0
33830,R
24839,T1
26828,A1
27655,T0
27655,A0
28491,B1
28498,B0
28506,B1
29636,B0
30655,R
16539,T1
18528,A1
18751,B1
18759,B0
18766,B1
19325,T0
19325,A0
19447,B0
22325,R
31889,T1
33909,A1
34363,B1
34706,T0
34706,A0
35421,B0
37706,R
24229,T1
26249,A1
27045,T0
27045,A0
27314,B1
27321,B0
27329,B1
28221,B0
30045,R
24382,T1
26371,A1
26658,B1
26665,B0
26673,B1
27168,T0
27168,A0
27650,B0
30168,R
29234,T1
31223,A1
31711,B1
31718,B0
31726,B1
32020,T0
32020,A0
32547,B0
35020,R
16691,T1
18680,A1
19476,T0
19476,A0
20230,B1
20238,B0
20245,B1
21587,B0
22476,R
29936,T1
31925,A1
32252,B1
32260,B0
32267,B1
32722,T0
32722,A0
33192,B0
35722,R
d2000,w80,m300,s150,p3
27660,T1
29866,B1
29873,B0
29881,B1
30552,B0
30673,A1
31486,T0
31486,A0
32261,B1
32269,B0
32276,B1
33010,B0
34486,R
14581,T1
17593,A1
18261,B1
18407,T0
18407,A0
19096,B0
21407,R
23805,T1
26817,A1
27200,B1
27208,B0
27215,B1
27602,T0
27602,A0
28454,B0
30602,R
13679,T1
16692,A1
17047,B1
17054,B0
17062,B1
17476,T0
17476,A0
17967,B0
20476,R
21071,T1
24083,A1
24190,B1
24197,B0
24205,B1
24868,T0
24868,A0
25439,B0
27868,R
22243,T1
25255,A1
25620,B1
25627,B0
25635,B1
26040,T0
26040,A0
27155,B0
29040,R
15993,T1
18975,A1
19246,B1
19253,B0
19261,B1
19790,T0
19790,A0
20443,B0
22790,R
21732,T1
24714,A1
24845,B1
24853,B0
24860,B1
25529,T0
25529,A0
25919,B0
25927,B1
25947,B0
28529,R
13590,T1
16572,A1
16663,B1
16671,B0
16678,B1
17387,A0
17395,T0
17909,B0
20387,R
32608,T1
35621,A1
35900,B1
35908,B0
35915,B1
36405,T0
36405,A0
36908,B0
39405,R
14100,T1
17113,A1
17573,B1
17580,B0
17588,B1
17927,T0
17927,A0
18711,B0
20927,R
23505,T1
25422,B1
25430,B0
25437,B1
26518,A1
26775,B0
27301,T0
27301,A0
28091,B1
28098,B0
28106,B1
28885,B0
30301,R
25427,T1
28439,A1
28849,B1
28857,B0
28864,B1
29224,T0
29224,A0
29996,B0
32224,R
20980,T1
23993,A1
24538,B1
24546,B0
24553,B1
24777,T0
24777,A0
25322,B0
27777,R
25577,T1
28590,A1
29153,B1
29161,B0
29168,B1
29404,T0
29404,A0
29890,B0
32404,R
31286,T1
34298,A1
34376,B1
34383,B0
34391,B1
35114,T0
35114,A0
35488,B0
38114,R
32157,T1
35169,A1
35334,B1
35342,B0
35349,B1
35954,T0
35954,A0
36536,B0
38954,R
23715,T1
26727,A1
27193,B1
27200,B0
27208,B1
27512,T0
27512,A0
27947,B0
30512,R
24045,T1
27027,A1
27132,B1
27139,B0
27146,B1
27842,T0
27842,A0
28253,B0
30842,R
27981,T1
30946,B1
30954,B0
30961,B1
30994,A1
31777,T0
31777,A0
34647,B0
34777,R
20290,T1
23302,A1
23936,B1
23943,B0
23951,B1
24116,T0
24116,A0
24817,B0
27116,R
32128,T1
35110,A1
35468,B1
35475,B0
35483,B1
35925,T0
35925,A0
36411,B0
38925,R
17345,T1
20327,A1
20668,B1
20675,B0
20683,B1
21142,T0
21142,A0
21519,B0
24142,R
31917,T1
34899,A1
35095,B1
35103,B0
35110,B1
35714,T0
35714,A0
36103,B0
38714,R
29543,T1
32556,A1
32927,B1
32934,B0
32942,B1
33340,T0
33340,A0
33729,B0
36340,R
21432,T1
24444,A1
24970,B1
24977,B0
24985,B1
25228,T0
25228,A0
25749,B0
28228,R
15332,T1
18345,A1
18770,B1
18777,B0
18785,B1
19159,T0
19159,A0
19851,B0
22159,R
23354,T1
26367,A1
26389,B1
26396,B0
26404,B1
27152,T0
27152,A0
27449,B0
30152,R
16263,T1
19276,A1
20059,T0
20059,A0
20096,B1
20104,B0
20111,B1
21119,B0
23059,R
28132,T1
31144,A1
31486,B1
31493,B0
31501,B1
31929,T0
31929,A0
34929,R
129,B0
19478,T1
22490,A1
22498,B1
22506,B0
22513,B1
23276,T0
23276,A0
23590,B0
26276,R
27350,T1
30362,A1
30420,B1
30427,B0
30435,B1
31177,T0
31177,A0
31858,B0
34177,R
28883,T1
31865,A1
31892,B1
31899,B0
31907,B1
32681,A0
32688,T0
32972,B0
35681,R
17976,T1
20958,A1
21262,B1
21270,B0
21277,B1
21773,T0
21773,A0
22558,B0
24773,R
20830,T1
23814,B1
23821,B0
23829,B1
23843,A1
24626,T0
24626,A0
25146,B0
27626,R
14221,T1
17203,A1
17278,B1
17286,B0
17293,B1
18018,T0
18018,A0
18138,B0
21018,R
14040,T1
17023,A1
17091,B1
17099,B0
17106,B1
17838,T0
17838,A0
18153,B0
20838,R
32368,T1
35380,A1
35936,B1
35944,B0
35951,B1
36164,A0
36171,T0
36944,B0
39164,R
26689,T1
29466,B1
29473,B0
29481,B1
29672,A1
30485,T0
30485,A0
30609,B0
33485,R
32488,T1
35470,A1
36284,T0
36284,A0
37013,B1
37021,B0
37028,B1
38168,B0
39284,R
27921,T1
30590,B1
30598,B0
30605,B1
30933,A1
31717,T0
31717,A0
31786,B0
34717,R
14550,T1
17563,A1
17624,B1
17632,B0
17639,B1
18348,T0
18348,A0
18476,B0
21348,R
30715,T1
33728,A1
33983,B1
33991,B0
33998,B1
34512,T0
34512,A0
34678,B0
37512,R
13800,T1
16782,A1
17341,B1
17348,B0
17356,B1
17597,T0
17597,A0
18211,B0
20597,R
15872,T1
18885,A1
19083,B1
19091,B0
19098,B1
19670,T0
19670,A0
19951,B0
22670,R
30144,T1
33156,A1
33940,T0
33940,A0
34172,B1
34179,B0
34187,B1
35074,B0
36940,R
26659,T1
29671,A1
29856,B1
29864,B0
29871,B1
30456,A0
30464,T0
30631,B0
33456,R
26930,T1
29942,A1
30230,B1
30237,B0
30245,B1
30727,T0
30727,A0
31290,B0
33727,R
32007,T1
35019,A1
35344,B1
35352,B0
35359,B1
35804,T0
35804,A0
36096,B0
38804,R
16503,T1
19516,A1
19815,B1
19822,B0
19830,B1
20301,T0
20301,A0
20894,B0
23301,R
16233,T1
19215,A1
19348,B1
19355,B0
19363,B1
20031,T0
20031,A0
20325,B0
23031,R
27500,T1
30482,A1
30854,B1
30861,B0
30869,B1
31297,T0
31297,A0
31864,B0
34297,R
27260,T1
30272,A1
30629,B1
30636,B0
30644,B1
31087,T0
31087,A0
31758,B0
34087,R
15963,T1
18975,A1
19084,B1
19091,B0
19098,B1
19791,T0
19791,A0
20243,B0
22791,R
26208,T1
29220,A1
29555,B1
29563,B0
29570,B1
30005,T0
30005,A0
30378,B0
33005,R
22272,T1
25255,A1
26068,T0
26068,A0
26323,B1
26330,B0
26338,B1
27246,B0
29068,R
20891,T1
23903,A1
24716,T0
24716,A0
26776,B1
26784,B0
26791,B1
27716,R
180,B0
29543,T1
32526,A1
32841,B1
32848,B0
32856,B1
33341,T0
33341,A0
33664,B0
36341,R
23834,T1
26847,A1
26855,B1
26862,B0
26870,B1
27632,T0
27632,A0
27689,B0
30632,R
22453,T1
25435,A1
25679,B1
25686,B0
25694,B1
26250,T0
26250,A0
27045,B0
29250,R
d2000,w80,m100,s150,p3
24668,T1
25662,A1
26476,T0
26476,A0
29476,R
28729,T1
29753,A1
30536,T0
30536,A0
31007,B1
31752,B0
33536,R
33720,T1
34714,A1
35498,T0
35498,A0
35689,B1
35696,B0
35704,B1
36487,B0
38498,R
33720,T1
34714,A1
35527,T0
35527,A0
35565,B1
35572,B0
35580,B1
36448,B0
38527,R
17316,T1
18310,A1
19123,T0
19123,A0
19828,B1
19835,B0
19843,B1
22123,R
710,B0
32128,T1
33122,A1
33585,B1
33936,T0
33936,A0
34457,B0
36936,R
20831,T1
21825,A1
22638,T0
22638,A0
23339,B1
23347,B0
23354,B1
24528,B0
25638,R
18517,T1
19512,A1
20325,T0
20325,A0
20406,B1
20414,B0
20421,B1
21345,B0
23325,R
27290,T1
28284,A1
29098,A0
29105,T0
29169,B1
29176,B0
29183,B1
29821,B0
32098,R
34291,T1
35315,A1
36098,T0
36098,A0
36176,B1
36183,B0
36191,B1
36802,B0
39098,R
25188,T1
26182,A1
26995,T0
26995,A0
27434,B1
27442,B0
27449,B1
28173,B0
29995,R
23595,T1
24589,A1
25402,T0
25402,A0
25585,B1
25593,B0
25600,B1
26324,B0
28402,R
23235,T1
24229,A1
25027,B1
25035,B0
25035,T0
25035,A0
25057,B1
25754,B0
28035,R
30001,T1
30995,A1
31506,B1
31810,T0
31810,A0
32111,B0
34810,R
16985,T1
18009,A1
18792,T0
18792,A0
21792,R
25155,T1
26149,A1
26962,T0
26962,A0
27039,B1
27048,B0
27056,B1
27756,B0
29962,R
33300,T1
34324,A1
35107,T0
35107,A0
35258,B1
35265,B0
35273,B1
37219,B0
38107,R
31016,T1
32010,A1
32824,T0
32824,A0
32930,B1
34359,B0
35824,R
27981,T1
29005,A1
29617,B1
29624,B0
29632,B1
29789,T0
29789,A0
30519,B0
30526,B1
30533,B0
32789,R
19178,T1
20172,A1
20956,T0
20956,A0
21277,B1
21285,B0
21292,B1
22051,B0
23956,R
31827,T1
32851,A1
33577,B1
33584,B0
33592,B1
33635,T0
33635,A0
34349,B0
36635,R
31706,T1
32701,A1
33514,A0
33521,T0
33570,B1
33579,B0
33586,B1
34398,B0
36514,R
30445,T1
31439,A1
32253,T0
32253,A0
32304,B1
32311,B0
32319,B1
33044,B0
35253,R
24015,T1
25039,A1
25823,T0
25823,A0
26204,B1
26211,B0
26219,B1
27205,B0
28823,R
20590,T1
21584,A1
22397,T0
22397,A0
22596,B1
22605,B0
22613,B1
23363,B0
25397,R
32669,T1
33663,A1
34372,B1
34477,A0
34484,T0
34961,B0
37477,R
19508,T1
20503,A1
21286,T0
21286,A0
24286,R
24764,T1
25788,A1
26571,T0
26571,A0
26792,B1
26799,B0
26807,B1
27453,B0
29571,R
16835,T1
17829,A1
18643,T0
18643,A0
18866,B1
18873,B0
18881,B1
19530,B0
21643,R
33660,T1
34654,A1
35467,T0
35467,A0
35544,B1
36257,B0
38467,R
18848,T1
19872,A1
20655,A0
20663,T0
20892,B1
20900,B0
20907,B1
21438,B0
23655,R
34531,T1
35526,A1
36339,T0
36339,A0
36501,B1
36509,B0
36516,B1
37089,B0
39339,R
21762,T1
22756,A1
23569,T0
23569,A0
24009,B1
24016,B0
24024,B1
25489,B0
26569,R
22093,T1
23087,A1
23870,T0
23870,A0
24069,B1
24076,B0
24084,B1
24925,B0
26870,R
22093,T1
23087,A1
23900,T0
23900,A0
23990,B1
23998,B0
24005,B1
24365,B0
26900,R
27080,T1
28075,A1
28858,T0
28858,A0
29024,B1
29031,B0
29039,B1
29868,B0
31858,R
23835,T1
24829,A1
25642,T0
25642,A0
28642,R
16324,T1
17318,A1
18131,T0
18131,A0
18345,B1
18353,B0
18360,B1
19008,B0
21131,R
21462,T1
22486,A1
23269,T0
23269,A0
23502,B1
23509,B0
23517,B1
24272,B0
26269,R
30415,T1
31439,A1
32223,T0
32223,A0
32276,B1
32825,B0
35223,R
32368,T1
33392,A1
34175,T0
34175,A0
34562,B1
34569,B0
34577,B1
35303,B0
37175,R
24346,T1
25371,A1
26044,B1
26051,B0
26059,B1
26154,T0
26154,A0
26625,B0
29154,R
32008,T1
33002,A1
33785,T0
33785,A0
33845,B1
33853,B0
33860,B1
34524,B0
36785,R
21973,T1
22997,A1
23780,T0
23780,A0
26780,R
29661,T1
30655,A1
31468,A0
31476,T0
31679,B1
31686,B0
31694,B1
32186,B0
34468,R
30716,T1
31740,A1
32523,T0
32523,A0
32910,B1
32918,B0
32925,B1
33712,B0
35523,R
30746,T1
31740,A1
32553,T0
32553,A0
32638,B1
32646,B0
32653,B1
33211,B0
35553,R
17526,T1
18550,A1
19334,T0
19334,A0
22334,R
18906,T1
19901,A1
20714,A0
20721,T0
20760,B1
20768,B0
20775,B1
21428,B0
23714,R
23072,B1
23080,B0
23087,B1
23976,B0
24917,T1
25411,B1
25419,B0
25426,B1
25912,A1
26208,B0
26725,T0
26725,A0
26842,B1
27789,B0
29725,R
16504,T1
17498,A1
18312,A0
18319,T0
21312,R
32935,T1
33929,A1
34742,T0
34742,A0
34757,B1
35411,B0
37742,R
35193,T1
36187,A1
36970,A0
36977,T0
37341,B1
37349,B0
37356,B1
38375,B0
38382,B1
38404,B0
39970,R
29694,T1
30718,A1
31502,T0
31502,A0
31594,B1
31601,B0
31609,B1
32070,B0
34502,R
29543,T1
30537,A1
31321,T0
31321,A0
31361,B1
31369,B0
31376,B1
31975,B0
34321,R
29784,T1
30778,A1
31591,A0
31599,T0
31951,B1
31959,B0
31966,B1
32581,B0
34591,R
21462,T1
22456,A1
23240,T0
23240,A0
26240,R
17494,T1
18488,A1
19272,T0
19272,A0
19415,B1
19422,B0
19430,B1
20105,B0
22272,R
19328,T1
20322,A1
21136,T0
21136,A0
21181,B1
21188,B0
21196,B1
21883,B0
24136,R
18847,T1
19872,A1
20655,T0
20655,A0
21104,B1
21111,B0
21119,B1
22034,B0
23655,R
23835,T1
24829,A1
25643,T0
25643,A0
25658,B1
26176,B0
28643,R
22402,B1
22409,B0
22417,B1
23299,B0
30867,T1
31861,A1
32643,B1
32650,B0
32658,B1
32675,T0
32675,A0
33255,B0
35675,R
24766,T1
25760,A1
26574,T0
26574,A0
27304,B1
27311,B0
27319,B1
28507,B0
29574,R
25067,T1
26061,A1
26874,A0
26882,T0
26953,B1
26961,B0
26968,B1
27447,B0
29874,R
2173,B1
2180,B0
2187,B1
4106,B0
33390,T1
33852,B1
33860,B0
33867,B1
34384,A1
34849,B0
35168,A0
35175,T0
36210,B1
36217,B0
36225,B1
36823,B0
38168,R
30986,T1
31980,A1
32793,T0
32793,A0
33066,B1
33074,B0
33081,B1
34236,B0
35793,R
26960,T1
27954,A1
28738,T0
28738,A0
29190,B1
29197,B0
29205,B1
30271,B0
31738,R
33690,T1
34684,A1
35497,T0
35497,A0
35703,B1
35712,B0
35720,B1
36613,B0
38497,R
d2000,w80,m100,s300,p3
32809,T1
33788,A1
34614,T0
34614,A0
37614,R
24260,T1
25239,A1
26065,T0
26065,A0
29065,R
32376,T1
33386,A1
34182,T0
34182,A0
37182,R
18308,T1
19318,A1
20114,T0
20114,A0
23114,R
15562,T1
16541,A1
17368,T0
17368,A0
20368,R
33230,T1
34240,A1
35036,T0
35036,A0
38036,R
35184,T1
36163,A1
36989,T0
36989,A0
39989,R
29111,T1
30121,A1
30917,T0
30917,A0
33917,R
33658,T1
34667,A1
35463,T0
35463,A0
38463,R
29203,T1
30213,A1
31008,T0
31008,A0
34008,R
24534,T1
25544,A1
26340,T0
26340,A0
29340,R
28257,T1
29266,A1
30062,T0
30062,A0
33062,R
31766,T1
32745,A1
33572,T0
33572,A0
36572,R
33444,T1
34423,A1
35219,T0
35219,A0
38219,R
31552,T1
32562,A1
33358,T0
33358,A0
36358,R
24991,T1
26001,A1
26797,T0
26797,A0
29797,R
11655,B1
11663,B0
11671,B1
14000,B0
17180,T1
18190,A1
18986,T0
18986,A0
19010,B1
19017,B0
19025,B1
19714,B0
21986,R
21971,T1
22950,A1
23776,T0
23776,A0
24045,B1
24054,B0
24062,B1
24891,B0
26776,R
31616,T1
32625,A1
33421,T0
33421,A0
33446,B1
33455,B0
33463,B1
34150,B0
36421,R
16875,T1
17885,A1
18681,T0
18681,A0
21681,R
34939,T1
35918,A1
36745,T0
36745,A0
36901,B1
37680,B0
39745,R
28960,T1
29970,A1
30765,T0
30765,A0
30867,B1
32072,B0
33765,R
33508,T1
34518,A1
35313,T0
35313,A0
35636,B1
35644,B0
35651,B1
36450,B0
38313,R
23467,T1
24477,A1
25273,T0
25273,A0
28273,R
30270,T1
31250,A1
32055,B1
32063,B0
32070,B1
32070,T0
32070,A0
33223,B0
35070,R
28539,T1
29549,A1
30333,B1
30342,B0
30342,T0
30342,A0
30364,B1
33342,R
18,B0
32167,T1
33146,A1
33942,T0
33942,A0
33968,B1
33977,B0
33984,B1
35312,B0
36942,R
26397,T1
27407,A1
28202,T0
28202,A0
29112,B1
29120,B0
29127,B1
30027,B0
31202,R
34057,T1
35067,A1
35863,T0
35863,A0
36020,B1
36027,B0
36035,B1
36975,B0
38863,R
24626,T1
25636,A1
26432,T0
26432,A0
26632,B1
26640,B0
26648,B1
27528,B0
29432,R
27525,T1
28535,A1
29331,T0
29331,A0
29897,B1
29905,B0
29912,B1
30949,B0
32331,R
17760,T1
18770,A1
19565,T0
19565,A0
22565,R
29264,T1
30274,A1
31070,T0
31070,A0
31169,B1
31178,B0
31185,B1
32543,B0
34070,R
31920,T1
32930,A1
33726,T0
33726,A0
35382,B1
35391,B0
35399,B1
36714,B0
36726,R
17362,T1
18372,A1
19168,T0
19168,A0
20025,B1
20032,B0
20040,B1
20893,B0
22168,R
22277,T1
23287,A1
24077,B1
24077,T0
24077,A0
24680,B0
27077,R
28507,T1
29517,A1
30313,T0
30313,A0
30328,B1
30880,B0
33313,R
13427,B1
13435,B0
13442,B1
15733,B0
28870,T1
29880,A1
30676,T0
30676,A0
31466,B1
31847,B0
33676,R
20781,T1
21791,A1
22587,T0
22587,A0
22957,B1
22964,B0
22972,B1
23591,B0
25587,R
20018,T1
20997,A1
21824,T0
21824,A0
21861,B1
21868,B0
21876,B1
22595,B0
24824,R
25694,T1
26674,A1
27281,B1
27470,T0
27470,A0
27807,B0
30470,R
24474,T1
25484,A1
26186,B1
26194,B0
26202,B1
26280,T0
26280,A0
26855,B0
29280,R
19652,T1
20662,A1
21457,T0
21457,A0
21652,B1
21660,B0
21667,B1
22349,B0
24457,R
22948,T1
23958,A1
24521,B1
24755,T0
24755,A0
25119,B0
27755,R
34361,T1
35371,A1
36157,B1
36164,B0
36164,T0
36164,A0
36187,B1
37008,B0
39164,R
16054,T1
17033,A1
17829,T0
17829,A0
18137,B1
18144,B0
18152,B1
19581,B0
20829,R
25816,T1
26826,A1
27622,T0
27622,A0
27639,B1
28216,B0
30622,R
23044,B1
23052,B0
23059,B1
23841,B0
35095,T1
36106,A1
36901,T0
36901,A0
36932,B1
36941,B0
36948,B1
37582,B0
39901,R
19866,T1
20845,A1
21641,A0
21648,T0
24641,R
20902,T1
21912,A1
22708,T0
22708,A0
23074,B1
23083,B0
23090,B1
23778,B0
25708,R
23650,T1
24629,A1
25455,T0
25455,A0
25498,B1
25506,B0
25513,B1
26270,B0
28455,R
31890,T1
32900,A1
33465,B1
33697,T0
33697,A0
34312,B0
36697,R
32835,T1
33815,A1
34610,T0
34610,A0
35141,B1
35149,B0
35157,B1
36282,B0
37610,R
25207,T1
26216,A1
27012,T0
27012,A0
27236,B1
27786,B0
30012,R
33843,T1
34823,A1
35649,T0
35649,A0
35752,B1
35759,B0
35767,B1
36381,B0
38649,R
22185,T1
23195,A1
23990,T0
23990,A0
26990,R
16600,T1
17579,A1
18375,T0
18375,A0
18810,B1
18817,B0
18824,B1
19823,B0
21375,R
23070,T1
24080,A1
24876,T0
24876,A0
24985,B1
24993,B0
25000,B1
25663,B0
27876,R
18095,T1
19105,A1
19901,T0
19901,A0
22901,R
18858,T1
19837,A1
20663,T0
20663,A0
20703,B1
20711,B0
20718,B1
21465,B0
23663,R
22246,T1
23256,A1
24052,T0
24052,A0
24067,B1
24075,B0
24083,B1
24923,B0
27052,R
18004,T1
19014,A1
19668,B1
19675,B0
19683,B1
19810,T0
19810,A0
20646,B0
22810,R
24901,T1
25880,A1
26707,T0
26707,A0
26733,B1
26741,B0
26748,B1
27550,B0
29707,R
18584,T1
19563,A1
20358,T0
20358,A0
20526,B1
20534,B0
20541,B1
21237,B0
23358,R
28045,T1
29055,A1
29760,B1
29768,B0
29775,B1
29851,T0
29851,A0
30499,B0
32851,R
31066,T1
32076,A1
32871,T0
32871,A0
34791,B1
34798,B0
34806,B1
35728,B0
35871,R
22368,T1
23378,A1
24167,B1
24167,T0
24167,A0
25061,B0
27167,R
21978,T1
22988,A1
23784,T0
23784,A0
23970,B1
23977,B0
23985,B1
24626,B0
26784,R
33324,T1
34334,A1
35130,T0
35130,A0
35459,B1
35466,B0
35474,B1
36554,B0
38130,R
19713,T1
20692,A1
21488,T0
21488,A0
24488,R
27066,T1
28076,A1
28872,T0
28872,A0
29076,B1
29084,B0
29091,B1
29774,B0
31872,R
17699,T1
18709,A1
19504,T0
19504,A0
22504,R
28898,T1
29877,A1
30673,A0
30680,T0
31205,B1
31213,B0
31221,B1
32034,B0
33673,R
24199,T1
25209,A1
26004,T0
26004,A0
27074,B1
27083,B0
27090,B1
28144,B0
29004,R
26007,B1
26015,B0
26022,B1
27285,B0
32501,T1
33480,A1
34276,T0
34276,A0
35636,B1
35643,B0
35651,B1
36384,B0
37276,R
23894,T1
24904,A1
25699,T0
25699,A0
27229,B1
27237,B0
27244,B1
28248,B0
28699,R
34240,T1
35250,A1
36046,A0
36053,T0
36061,B1
36949,B0
39046,R
22154,T1
23164,A1
23960,T0
23960,A0
24233,B1
24241,B0
24248,B1
25014,B0
26960,R
34148,T1
35158,A1
35821,B1
35828,B0
35836,B1
35954,T0
35954,A0
36557,B0
38954,R
15837,T1
16817,A1
17643,T0
17643,A0
18114,B1
18122,B0
18129,B1
18984,B0
20643,R
32927,T1
33937,A1
34733,T0
34733,A0
34826,B1
34834,B0
34841,B1
35520,B0
37733,R
34606,T1
35616,A1
36309,B1
36316,B0
36324,B1
36412,T0
36412,A0
37081,B0
39412,R
16173,T1
17183,A1
17978,T0
17978,A0
18526,B1
19284,B0
20978,R
22094,T1
23104,A1
23899,T0
23899,A0
23916,B1
23923,B0
23931,B1
24467,B0
26899,R
d2000,w80,m50,s150,p3
23305,T1
23817,A1
24630,T0
24630,A0
27630,R
35098,T1
35610,A1
36394,T0
36394,A0
37122,B1
38179,B0
39394,R
818,B1
824,B0
830,B1
2274,B0
34201,T1
34713,A1
35496,T0
35496,A0
36378,B1
36993,B0
38496,R
34802,T1
35314,A1
36097,T0
36097,A0
36714,B1
36722,B0
36729,B1
37271,B0
39097,R
18367,T1
18879,A1
19663,A0
19670,T0
20389,B1
20397,B0
20404,B1
21215,B0
22663,R
22753,T1
23235,A1
24049,T0
24049,A0
24634,B1
24642,B0
24649,B1
25328,B0
27049,R
26578,B1
26585,B0
26593,B1
27237,B0
28162,T1
28674,A1
29458,T0
29458,A0
29878,B1
29885,B0
29892,B1
30596,B0
32458,R
23114,T1
23596,A1
24409,T0
24409,A0
27409,R
17405,T1
17917,A1
18701,T0
18701,A0
19067,B1
19828,B0
21701,R
24105,B1
24112,B0
24120,B1
25021,B0
28631,B1
28639,B0
28646,B1
29335,B0
30176,T1
30658,A1
31471,T0
31471,A0
32029,B1
32037,B0
32044,B1
32617,B0
34471,R
30746,T1
31258,A1
32072,T0
32072,A0
32797,B1
33643,B0
35072,R
28011,T1
28523,A1
29307,T0
29307,A0
30360,B1
30368,B0
30375,B1
31490,B0
32307,R
33419,T1
33931,A1
34745,T0
34745,A0
35358,B1
35366,B0
35373,B1
36330,B0
37745,R
22453,T1
22935,A1
23748,T0
23748,A0
24757,B1
24764,B0
24772,B1
26748,R
605,B0
28523,T1
29035,A1
29818,T0
29818,A0
30833,B1
31739,B0
32818,R
26599,T1
27081,A1
27895,T0
27895,A0
28431,B1
28440,B0
28447,B1
29235,B0
30895,R
27020,T1
27532,A1
28315,T0
28315,A0
28820,B1
28828,B0
28835,B1
29668,B0
31315,R
32909,T1
33131,B1
33138,B0
33146,B1
33392,A1
34085,B0
34205,T0
34205,A0
37205,R
22213,T1
22725,A1
23508,T0
23508,A0
26508,R
20943,B1
20951,B0
20958,B1
21754,B0
23504,T1
23750,B1
23758,B0
23765,B1
23986,A1
24494,B0
24799,T0
24799,A0
27799,R
20861,T1
21373,A1
22156,T0
22156,A0
22837,B1
22845,B0
22852,B1
23801,B0
25156,R
22513,T1
22995,A1
23809,T0
23809,A0
24624,B1
24631,B0
24639,B1
25680,B0
26809,R
26058,T1
26540,A1
27354,T0
27354,A0
27906,B1
27913,B0
27921,B1
28669,B0
30354,R
16624,T1
17106,A1
17919,T0
17919,A0
18832,B1
18839,B0
18847,B1
20348,B0
20919,R
31076,T1
31558,A1
32372,T0
32372,A0
32810,B1
32818,B0
32826,B1
33673,B0
35372,R
31497,T1
32009,A1
32792,T0
32792,A0
33352,B1
33359,B0
33367,B1
33947,B0
35792,R
28737,B1
28745,B0
28752,B1
30021,B0
30236,T1
30718,A1
31531,T0
31531,A0
32321,B1
32328,B0
32336,B1
32999,B0
34531,R
27201,T1
27713,A1
28496,T0
28496,A0
31496,R
27017,T1
27530,A1
28313,T0
28313,A0
28789,B1
28797,B0
28804,B1
29466,B0
31313,R
30716,T1
31228,A1
32041,T0
32041,A0
32888,B1
32896,B0
32903,B1
34006,B0
35041,R
32518,T1
33031,A1
33814,T0
33814,A0
34509,B1
34517,B0
34524,B1
35713,B0
36814,R
17225,T1
17737,A1
18521,T0
18521,A0
21521,R
19743,B1
19743,T1
20230,A1
20674,B0
21043,T0
21043,A0
24043,R
28072,T1
28584,A1
29367,T0
29367,A0
29814,B1
29822,B0
29829,B1
30606,B0
32367,R
11395,B1
11403,B0
11410,B1
13959,B0
18668,T1
19151,A1
19964,T0
19964,A0
22964,R
34171,T1
34653,A1
35466,T0
35466,A0
35993,B1
36000,B0
36008,B1
36553,B0
38466,R
31106,T1
31619,A1
32402,T0
32402,A0
33123,B1
33130,B0
33138,B1
34191,B0
35402,R
31707,T1
31805,B1
31813,B0
31820,B1
32189,A1
32941,B0
33003,T0
33003,A0
36003,R
22783,T1
23265,A1
24079,A0
24086,T0
25016,B1
25023,B0
25031,B1
25903,B0
27079,R
21492,T1
22004,A1
22817,T0
22817,A0
24103,B1
24110,B0
24118,B1
25060,B0
25817,R
34711,T1
35193,A1
36007,T0
36007,A0
36423,B1
36431,B0
36438,B1
37060,B0
39007,R
17586,T1
18068,A1
18881,T0
18881,A0
19950,B1
19958,B0
19965,B1
21218,B0
21881,R
24593,B1
24601,B0
24608,B1
28161,B0
31798,T1
32310,A1
33094,A0
33101,T0
33680,B1
33687,B0
33695,B1
34404,B0
36094,R
34261,T1
34743,A1
35556,T0
35556,A0
36782,B1
36790,B0
36797,B1
37950,B0
38556,R
21552,T1
22064,A1
22847,T0
22847,A0
23816,B1
23824,B0
23831,B1
24813,B0
25847,R
22183,T1
22695,A1
23479,T0
23479,A0
24296,B1
24303,B0
24311,B1
25332,B0
26479,R
34922,T1
35434,A1
36247,T0
36247,A0
36768,B1
36776,B0
36783,B1
37880,B0
39247,R
19560,B1
19567,B0
19575,B1
21853,T1
21860,B0
22335,A1
23148,T0
23148,A0
26148,R
24887,T1
25369,A1
26182,T0
26182,A0
26593,B1
26600,B0
26608,B1
27526,B0
29182,R
27929,B1
27937,B0
27944,B1
30101,B0
30837,T1
31349,A1
32133,T0
32133,A0
33425,B1
33433,B0
33440,B1
34173,B0
35133,R
17225,T1
17737,A1
18520,T0
18520,A0
20917,B1
21520,R
656,B0
22543,T1
23056,A1
23839,T0
23839,A0
24479,B1
24487,B0
24494,B1
25293,B0
26839,R
32698,T1
33210,A1
34024,T0
34024,A0
34432,B1
35307,B0
37024,R
27591,T1
28073,A1
28886,T0
28886,A0
30415,B1
30424,B0
30431,B1
31747,B0
31886,R
16985,T1
17497,A1
18311,T0
18311,A0
19743,B1
19751,B0
19758,B1
20426,B0
21311,R
22633,T1
23115,A1
23928,T0
23928,A0
24488,B1
24495,B0
24502,B1
26754,B0
26928,R
16264,T1
16746,A1
17560,T0
17560,A0
18015,B1
18022,B0
18030,B1
18931,B0
20560,R
9544,B1
9551,B0
9558,B1
10726,B0
13530,B1
13537,B0
13545,B1
14438,B0
25249,T1
25731,A1
26544,T0
26544,A0
27126,B1
27135,B0
27142,B1
28148,B0
29544,R
17226,T1
17738,A1
18521,T0
18521,A0
19770,B1
19778,B0
19785,B1
20822,B0
21521,R
26716,B1
26723,B0
26731,B1
27992,B0
29611,B1
29618,B0
29626,B1
30488,B0
34412,T1
34924,A1
35738,T0
35738,A0
36088,B1
37132,B0
38738,R
35343,T1
35855,A1
36638,A0
36645,T0
38865,B1
38873,B0
38880,B1
39638,R
269,B0
28642,T1
29154,A1
29938,T0
29938,A0
31257,B1
31264,B0
31272,B1
32576,B0
32938,R
33389,T1
33901,A1
34684,A0
34692,T0
35176,B1
35184,B0
35191,B1
36044,B0
37684,R
30296,T1
30808,A1
31591,T0
31591,A0
32736,B1
32744,B0
32751,B1
33614,B0
34591,R
32007,T1
32489,A1
33303,T0
33303,A0
33890,B1
33897,B0
33905,B1
34783,B0
36303,R
